"hotel","landmark","distance_m","duration_m"
"Cabinn City","Tivoli Gardens",662.4,7.995
"Cab-Inn","Tivoli Gardens",1448.4,17.6
"Cab-Inn Scandinavia","Tivoli Gardens",1435.4,17.35
"Scandic Front","Tivoli Gardens",2063,25.3266666666667
"The Square","Tivoli Gardens",355.6,4.41666666666667
"Copenhagen Strand","Tivoli Gardens",1735.7,21.13
"Copenhagen Island","Tivoli Gardens",1666.5,20.1233333333333
"Comfort Hotel Vesterbro","Tivoli Gardens",723.8,8.79666666666667
"Ibsens Hotel","Tivoli Gardens",1436,17.4933333333333
"DGI-byens Hotel","Tivoli Gardens",890.1,10.65
"Savoy","Tivoli Gardens",895.4,10.8483333333333
"Avenue","Tivoli Gardens",1752.2,21.4433333333333
"Hotel Sankt Annæ","Tivoli Gardens",2022.2,24.3616666666667
"Phoenix Copenhagen","Tivoli Gardens",1949.8,23.5366666666667
"Hotel Christian IV","Tivoli Gardens",1883.2,22.705
"Best Western Plus Airport Hotel Copenhagen","Tivoli Gardens",7007.3,84.6966666666667
"Ansgar","Tivoli Gardens",610.8,7.30666666666667
"Løven","Tivoli Gardens",855.9,10.3783333333333
"Tiffany","Tivoli Gardens",583.8,6.98333333333333
"Go Hotel Saga","Tivoli Gardens",521,6.23
"Hotel Du Nord","Tivoli Gardens",502.4,6.00833333333333
"Hebron","Tivoli Gardens",659.3,7.88833333333333
"City Hotel Nebo","Tivoli Gardens",440.6,5.26833333333333
"Comfort Hotel Excelsior","Tivoli Gardens",564.3,6.75
"Andersen Hotel","Tivoli Gardens",574.3,6.87
"Mercur Hotel","Tivoli Gardens",688.9,8.415
"Richmond Hotel","Tivoli Gardens",755.8,9.185
"Kong Arthur","Tivoli Gardens",1594,19.3916666666667
"Comfort Hotel Esplanaden","Tivoli Gardens",2507.3,30.28
"Adina Hotel Copenhagen","Tivoli Gardens",3560.4,42.9983333333333
"Hotel SP34","Tivoli Gardens",688.1,8.43166666666667
"Hotel West","Tivoli Gardens",1240.3,15.0133333333333
"Central Hotel & Cafe","Tivoli Gardens",1295.6,15.7383333333333
"Hotel Bethel","Tivoli Gardens",1805.9,22.1783333333333
"Hotel Maritime","Tivoli Gardens",1657.2,20.365
"Hotel City","Tivoli Gardens",1661.7,20.4183333333333
"Hotel Amager","Tivoli Gardens",2337.7,28.5
"CPH Living","Tivoli Gardens",1112.8,13.675
"Rent a Room","Tivoli Gardens",2153.1,26.2916666666667
"Scandic Palace Hotel","Tivoli Gardens",454.7,5.57166666666667
"Rye115","Tivoli Gardens",3366.6,40.64
"Carlton Guldsmeden","Tivoli Gardens",1169.6,14.1983333333333
"Cottage Farm","Tivoli Gardens",12201.7,147.063333333333
"Livjæger Hotel Pension","Tivoli Gardens",3509.6,42.2866666666667
"Church of Scientology Hotel","Tivoli Gardens",750.1,9.08
"Babette Guldsmeden Hotel","Tivoli Gardens",2512.8,30.345
"Manon les Suites","Tivoli Gardens",964,11.8383333333333
"Imperial","Tivoli Gardens",584.3,7.16
"Guldsmeden København","Tivoli Gardens",1154.1,14.0116666666667
"Absalon Hotel","Tivoli Gardens",540.7,6.46833333333333
"Four Points Flex by Sheraton Copenhagen City","Tivoli Gardens",566.8,6.78
"Ascot Hotel","Tivoli Gardens",576.6,6.90333333333333
"Hotel Alexandra","Tivoli Gardens",465.9,5.77
"MS Mary","Tivoli Gardens",1967.4,24.1466666666667
"Hotel 9 små hjem","Tivoli Gardens",3252.2,39.4166666666667
"Axel Guldsmeden","Tivoli Gardens",502.5,6.01
"Hotel Sanders","Tivoli Gardens",1556.2,19.155
"the Socialist","Tivoli Gardens",1285.8,15.8516666666667
"CitizenM Rådhuspladsen","Tivoli Gardens",416.2,5.175
"Good Morning City Copenhagen Star","Tivoli Gardens",505,6.03833333333333
"Wakeup Bernstorffsgade","Tivoli Gardens",873.4,10.5233333333333
"Turist Hotellet","Tivoli Gardens",462.9,5.535
"Annex Copenhagen","Tivoli Gardens",596.1,7.13166666666667
"Coco Hotel","Tivoli Gardens",887.4,10.755
"Villa Copenhagen","Tivoli Gardens",397.2,4.85333333333333
"Bryggen Guldesmeden Hotels","Tivoli Gardens",2022.3,24.5683333333333
"Kanalhuset","Tivoli Gardens",2112.2,25.675
"Go Hotel City","Tivoli Gardens",4178.8,50.705
"Four Points Flex by Sheraton Copenhagen Arena","Tivoli Gardens",6345.4,76.49
"Eric Vökel Boutique Apartments","Tivoli Gardens",583.5,6.97833333333333
"A-Hotels City","Tivoli Gardens",872.6,10.4416666666667
"Scandic Webers Hotel","Tivoli Gardens",612.1,7.46166666666667
"Zoku Copenhagen","Tivoli Gardens",3003,36.3166666666667
"Scandic Nørreport","Tivoli Gardens",1370.2,16.77
"25Hours","Tivoli Gardens",1209.8,14.6166666666667
"Apēron Apartment Hotel","Tivoli Gardens",1369.4,16.525
"Ibis Styles Copenhagen Ørestad","Tivoli Gardens",5039.6,60.805
"CPH Hotel","Tivoli Gardens",889.9,10.6466666666667
"Brik Apartment Hotel","Tivoli Gardens",3780.6,45.8683333333333
"Hotel Bethel","Tivoli Gardens",1823.1,22.385
"Hotel Bella Grande","Tivoli Gardens",533.9,6.51666666666667
"25hours Hotel Paper Island","Tivoli Gardens",2541.4,30.955
"Crowne Plaza Copenhagen Towers","Tivoli Gardens",6355.6,76.6133333333333
"Cabinn City","Nyhavn",1820.4,22.0866666666667
"Cab-Inn","Nyhavn",2930.1,35.4683333333333
"Cab-Inn Scandinavia","Nyhavn",2715.8,32.715
"Scandic Front","Nyhavn",256.9,3.14333333333333
"The Square","Nyhavn",1750.5,21.0216666666667
"Copenhagen Strand","Nyhavn",376.7,4.58166666666667
"Copenhagen Island","Nyhavn",2873.6,34.7016666666667
"Comfort Hotel Vesterbro","Nyhavn",2335.9,28.16
"Ibsens Hotel","Nyhavn",1784.1,21.6216666666667
"DGI-byens Hotel","Nyhavn",2438.9,29.4866666666667
"Savoy","Nyhavn",2507.4,30.2116666666667
"Avenue","Nyhavn",2922.7,35.41
"Hotel Sankt Annæ","Nyhavn",251.4,3.08
"Phoenix Copenhagen","Nyhavn",498.9,6.04333333333333
"Hotel Christian IV","Nyhavn",882.8,10.6366666666667
"Best Western Plus Airport Hotel Copenhagen","Nyhavn",6675.5,80.4016666666667
"Ansgar","Nyhavn",2308,27.9216666666667
"Løven","Nyhavn",2468,29.7416666666667
"Tiffany","Nyhavn",2335,28.245
"Go Hotel Saga","Nyhavn",2392.6,28.8116666666667
"Hotel Du Nord","Nyhavn",2331.6,28.0816666666667
"Hebron","Nyhavn",2296.1,27.6866666666667
"City Hotel Nebo","Nyhavn",2302.9,27.74
"Comfort Hotel Excelsior","Nyhavn",2269.7,27.34
"Andersen Hotel","Nyhavn",2381.1,28.705
"Mercur Hotel","Nyhavn",2232.7,26.9583333333333
"Richmond Hotel","Nyhavn",2150.7,25.845
"Kong Arthur","Nyhavn",1997.5,24.175
"Comfort Hotel Esplanaden","Nyhavn",1056.5,12.7866666666667
"Adina Hotel Copenhagen","Nyhavn",2416,29.0833333333333
"Hotel SP34","Nyhavn",1832.8,21.9733333333333
"Hotel West","Nyhavn",2852.4,34.3766666666667
"Central Hotel & Cafe","Nyhavn",2839.3,34.2816666666667
"Hotel Bethel","Nyhavn",90.3,1.14833333333333
"Hotel Maritime","Nyhavn",389.1,4.72833333333333
"Hotel City","Nyhavn",393.5,4.78166666666667
"Hotel Amager","Nyhavn",2265.5,27.765
"CPH Living","Nyhavn",1664.8,19.9683333333333
"Rent a Room","Nyhavn",1961.4,24.0233333333333
"Scandic Palace Hotel","Nyhavn",1535.3,18.51
"Rye115","Nyhavn",2752.2,33.0916666666667
"Carlton Guldsmeden","Nyhavn",2781.7,33.5616666666667
"Cottage Farm","Nyhavn",12386.1,149.5
"Livjæger Hotel Pension","Nyhavn",2411.8,29.06
"Church of Scientology Hotel","Nyhavn",2362.2,28.4433333333333
"Babette Guldsmeden Hotel","Nyhavn",1061.9,12.8516666666667
"Manon les Suites","Nyhavn",2239.2,26.9416666666667
"Imperial","Nyhavn",2128.1,25.7033333333333
"Guldsmeden København","Nyhavn",2766.2,33.375
"Absalon Hotel","Nyhavn",2399.3,28.8916666666667
"Four Points Flex by Sheraton Copenhagen City","Nyhavn",2418.7,29.155
"Ascot Hotel","Nyhavn",1884.3,22.6883333333333
"Hotel Alexandra","Nyhavn",1809.8,21.7633333333333
"MS Mary","Nyhavn",161.3,1.96333333333333
"Hotel 9 små hjem","Nyhavn",2385,28.74
"Axel Guldsmeden","Nyhavn",2331.5,28.08
"Hotel Sanders","Nyhavn",438.1,5.315
"the Socialist","Nyhavn",656.6,7.995
"CitizenM Rådhuspladsen","Nyhavn",1760.2,21.1683333333333
"Good Morning City Copenhagen Star","Nyhavn",2363.5,28.4616666666667
"Wakeup Bernstorffsgade","Nyhavn",2094.1,25.365
"Turist Hotellet","Nyhavn",2301.1,28.135
"Annex Copenhagen","Nyhavn",2448,29.5066666666667
"Coco Hotel","Nyhavn",2499.5,30.1183333333333
"Villa Copenhagen","Nyhavn",1956.4,23.6766666666667
"Bryggen Guldesmeden Hotels","Nyhavn",2768.3,33.3016666666667
"Kanalhuset","Nyhavn",1077.6,12.9716666666667
"Go Hotel City","Nyhavn",3435.6,41.3166666666667
"Four Points Flex by Sheraton Copenhagen Arena","Nyhavn",6934.4,83.77
"Eric Vökel Boutique Apartments","Nyhavn",2355,28.4833333333333
"A-Hotels City","Nyhavn",2475.8,29.8366666666667
"Scandic Webers Hotel","Nyhavn",2224.1,26.825
"Zoku Copenhagen","Nyhavn",3237,39.3866666666667
"Scandic Nørreport","Nyhavn",1380.8,16.7583333333333
"25Hours","Nyhavn",1012.1,12.22
"Apēron Apartment Hotel","Nyhavn",1149.6,13.8933333333333
"Ibis Styles Copenhagen Ørestad","Nyhavn",5628,68.08
"CPH Hotel","Nyhavn",2438.7,29.4833333333333
"Brik Apartment Hotel","Nyhavn",3146.2,37.7516666666667
"Hotel Bethel","Nyhavn",107.6,1.355
"Hotel Bella Grande","Nyhavn",1721.5,20.7116666666667
"25hours Hotel Paper Island","Nyhavn",864.3,10.4166666666667
"Crowne Plaza Copenhagen Towers","Nyhavn",6944.6,83.8933333333333
"Cabinn City","Amalienborg",2320.6,28.11
"Cab-Inn","Amalienborg",3240.4,39.1833333333333
"Cab-Inn Scandinavia","Amalienborg",3026.1,36.43
"Scandic Front","Amalienborg",389.6,4.69833333333333
"The Square","Amalienborg",2060.8,24.7366666666667
"Copenhagen Strand","Amalienborg",884.4,10.6966666666667
"Copenhagen Island","Amalienborg",3373.8,40.725
"Comfort Hotel Vesterbro","Amalienborg",2646.2,31.875
"Ibsens Hotel","Amalienborg",2094.4,25.3366666666667
"DGI-byens Hotel","Amalienborg",2791.1,33.845
"Savoy","Amalienborg",2817.7,33.9266666666667
"Avenue","Amalienborg",3233,39.125
"Hotel Sankt Annæ","Amalienborg",329.5,3.94333333333333
"Phoenix Copenhagen","Amalienborg",428.9,5.2
"Hotel Christian IV","Amalienborg",810.3,9.89666666666667
"Best Western Plus Airport Hotel Copenhagen","Amalienborg",7183.1,86.5166666666667
"Ansgar","Amalienborg",2660.2,32.28
"Løven","Amalienborg",2778.2,33.4566666666667
"Tiffany","Amalienborg",2687.1,32.6033333333333
"Go Hotel Saga","Amalienborg",2702.9,32.5266666666667
"Hotel Du Nord","Amalienborg",2641.9,31.7966666666667
"Hebron","Amalienborg",2606.4,31.4016666666667
"City Hotel Nebo","Amalienborg",2613.2,31.455
"Comfort Hotel Excelsior","Amalienborg",2580,31.055
"Andersen Hotel","Amalienborg",2691.4,32.42
"Mercur Hotel","Amalienborg",2543,30.6733333333333
"Richmond Hotel","Amalienborg",2461,29.56
"Kong Arthur","Amalienborg",2307.8,27.89
"Comfort Hotel Esplanaden","Amalienborg",545.6,6.56666666666667
"Adina Hotel Copenhagen","Amalienborg",1885.8,22.635
"Hotel SP34","Amalienborg",2143.1,25.6883333333333
"Hotel West","Amalienborg",3162.7,38.0916666666667
"Central Hotel & Cafe","Amalienborg",3149.6,37.9966666666667
"Hotel Bethel","Amalienborg",597.9,7.26333333333333
"Hotel Maritime","Amalienborg",896.7,10.8433333333333
"Hotel City","Amalienborg",901.1,10.8966666666667
"Hotel Amager","Amalienborg",2773.1,33.88
"CPH Living","Amalienborg",2161,25.9133333333333
"Rent a Room","Amalienborg",2469.1,30.1383333333333
"Scandic Palace Hotel","Amalienborg",1844.3,22.2433333333333
"Rye115","Amalienborg",2274.7,27.2983333333333
"Carlton Guldsmeden","Amalienborg",3092,37.2766666666667
"Cottage Farm","Amalienborg",12893.7,155.615
"Livjæger Hotel Pension","Amalienborg",1923.7,23.24
"Church of Scientology Hotel","Amalienborg",2672.5,32.1583333333333
"Babette Guldsmeden Hotel","Amalienborg",551,6.63166666666667
"Manon les Suites","Amalienborg",2549.5,30.6566666666667
"Imperial","Amalienborg",2438.4,29.4183333333333
"Guldsmeden København","Amalienborg",3076.5,37.09
"Absalon Hotel","Amalienborg",2709.6,32.6066666666667
"Four Points Flex by Sheraton Copenhagen City","Amalienborg",2729,32.87
"Ascot Hotel","Amalienborg",2194.6,26.4033333333333
"Hotel Alexandra","Amalienborg",2120.1,25.4783333333333
"MS Mary","Amalienborg",668.9,8.07833333333333
"Hotel 9 små hjem","Amalienborg",1896.9,22.92
"Axel Guldsmeden","Amalienborg",2641.8,31.795
"Hotel Sanders","Amalienborg",861,10.4116666666667
"the Socialist","Amalienborg",965.6,11.7283333333333
"CitizenM Rådhuspladsen","Amalienborg",2070.5,24.8833333333333
"Good Morning City Copenhagen Star","Amalienborg",2673.8,32.1766666666667
"Wakeup Bernstorffsgade","Amalienborg",2594.3,31.3883333333333
"Turist Hotellet","Amalienborg",2660.4,32.0216666666667
"Annex Copenhagen","Amalienborg",2758.3,33.2216666666667
"Coco Hotel","Amalienborg",2809.8,33.8333333333333
"Villa Copenhagen","Amalienborg",2308.5,28.035
"Bryggen Guldesmeden Hotels","Amalienborg",3264.5,39.2466666666667
"Kanalhuset","Amalienborg",1585.2,19.0866666666667
"Go Hotel City","Amalienborg",3943.3,47.4316666666667
"Four Points Flex by Sheraton Copenhagen Arena","Amalienborg",7442,89.885
"Eric Vökel Boutique Apartments","Amalienborg",2707.2,32.8416666666667
"A-Hotels City","Amalienborg",2786.1,33.5516666666667
"Scandic Webers Hotel","Amalienborg",2534.4,30.54
"Zoku Copenhagen","Amalienborg",3744.6,45.5016666666667
"Scandic Nørreport","Amalienborg",1691.1,20.4733333333333
"25Hours","Amalienborg",1322.4,15.935
"Apēron Apartment Hotel","Amalienborg",1459.9,17.6083333333333
"Ibis Styles Copenhagen Ørestad","Amalienborg",6135.6,74.195
"CPH Hotel","Amalienborg",2790.8,33.8416666666667
"Brik Apartment Hotel","Amalienborg",3653.8,43.8666666666667
"Hotel Bethel","Amalienborg",615.2,7.47
"Hotel Bella Grande","Amalienborg",2031.8,24.4266666666667
"25hours Hotel Paper Island","Amalienborg",1371.9,16.5316666666667
"Crowne Plaza Copenhagen Towers","Amalienborg",7452.2,90.0083333333333
"Cabinn City","Strøget",1230.4,14.7683333333333
"Cab-Inn","Strøget",1938.5,23.565
"Cab-Inn Scandinavia","Strøget",1724.1,20.8116666666667
"Scandic Front","Strøget",1185.6,14.3866666666667
"The Square","Strøget",758.8,9.11833333333333
"Copenhagen Strand","Strøget",1105,13.2966666666667
"Copenhagen Island","Strøget",2333.5,28.0066666666667
"Comfort Hotel Vesterbro","Strøget",1344.2,16.2566666666667
"Ibsens Hotel","Strøget",1077.8,12.9133333333333
"DGI-byens Hotel","Strøget",1615.8,19.615
"Savoy","Strøget",1515.8,18.3083333333333
"Avenue","Strøget",2022.9,24.455
"Hotel Sankt Annæ","Strøget",1078.8,13.075
"Phoenix Copenhagen","Strøget",1006.4,12.25
"Hotel Christian IV","Strøget",982.6,11.8
"Best Western Plus Airport Hotel Copenhagen","Strøget",6917,83.7033333333333
"Ansgar","Strøget",1484.9,18.05
"Løven","Strøget",1476.3,17.8383333333333
"Tiffany","Strøget",1503.9,18.0766666666667
"Go Hotel Saga","Strøget",1400.9,16.9083333333333
"Hotel Du Nord","Strøget",1339.9,16.1783333333333
"Hebron","Strøget",1304.5,15.7833333333333
"City Hotel Nebo","Strøget",1311.2,15.8366666666667
"Comfort Hotel Excelsior","Strøget",1278,15.4366666666667
"Andersen Hotel","Strøget",1389.5,16.8016666666667
"Mercur Hotel","Strøget",1241,15.055
"Richmond Hotel","Strøget",1159,13.9416666666667
"Kong Arthur","Strøget",1313.4,15.765
"Comfort Hotel Esplanaden","Strøget",1563.9,18.9933333333333
"Adina Hotel Copenhagen","Strøget",2659.7,32.0933333333333
"Hotel SP34","Strøget",841.2,10.07
"Hotel West","Strøget",1860.7,22.4733333333333
"Central Hotel & Cafe","Strøget",1847.7,22.3783333333333
"Hotel Bethel","Strøget",994.4,11.9666666666667
"Hotel Maritime","Strøget",987.9,11.8933333333333
"Hotel City","Strøget",992.3,11.9466666666667
"Hotel Amager","Strøget",2195.1,26.88
"CPH Living","Strøget",1285.7,15.4633333333333
"Rent a Room","Strøget",1891,23.1383333333333
"Scandic Palace Hotel","Strøget",631.4,7.55833333333333
"Rye115","Strøget",2882.4,34.5216666666667
"Carlton Guldsmeden","Strøget",1790,21.6583333333333
"Cottage Farm","Strøget",12315.7,148.615
"Livjæger Hotel Pension","Strøget",2609.9,31.4633333333333
"Church of Scientology Hotel","Strøget",1370.6,16.54
"Babette Guldsmeden Hotel","Strøget",1569.4,19.0583333333333
"Manon les Suites","Strøget",1247.6,15.0383333333333
"Imperial","Strøget",1136.4,13.8
"Guldsmeden København","Strøget",1774.5,21.4716666666667
"Absalon Hotel","Strøget",1407.6,16.9883333333333
"Four Points Flex by Sheraton Copenhagen City","Strøget",1427,17.2516666666667
"Ascot Hotel","Strøget",892.6,10.785
"Hotel Alexandra","Strøget",818.2,9.86
"MS Mary","Strøget",1164.3,14.1016666666667
"Hotel 9 små hjem","Strøget",2583.1,31.1433333333333
"Axel Guldsmeden","Strøget",1339.8,16.1766666666667
"Hotel Sanders","Strøget",806.9,9.72333333333333
"the Socialist","Strøget",435.6,5.24666666666667
"CitizenM Rådhuspladsen","Strøget",768.5,9.265
"Good Morning City Copenhagen Star","Strøget",1371.8,16.5583333333333
"Wakeup Bernstorffsgade","Strøget",1504.1,18.0466666666667
"Turist Hotellet","Strøget",1358.4,16.4033333333333
"Annex Copenhagen","Strøget",1456.3,17.6033333333333
"Coco Hotel","Strøget",1507.8,18.215
"Villa Copenhagen","Strøget",1133.2,13.805
"Bryggen Guldesmeden Hotels","Strøget",2389.2,28.7966666666667
"Kanalhuset","Strøget",1557.8,18.8516666666667
"Go Hotel City","Strøget",3846.3,46.7133333333333
"Four Points Flex by Sheraton Copenhagen Arena","Strøget",6746,81.1233333333333
"Eric Vökel Boutique Apartments","Strøget",1503.6,18.0716666666667
"A-Hotels City","Strøget",1484.2,17.9333333333333
"Scandic Webers Hotel","Strøget",1232.5,14.9216666666667
"Zoku Copenhagen","Strøget",3166.5,38.5016666666667
"Scandic Nørreport","Strøget",811.9,9.72333333333333
"25Hours","Strøget",448.3,5.37166666666667
"Apēron Apartment Hotel","Strøget",615.7,7.37
"Ibis Styles Copenhagen Ørestad","Strøget",5440.3,65.4383333333333
"CPH Hotel","Strøget",1615.5,19.6116666666667
"Brik Apartment Hotel","Strøget",3448,41.8766666666667
"Hotel Bethel","Strøget",977.2,11.76
"Hotel Bella Grande","Strøget",729.8,8.80833333333333
"25hours Hotel Paper Island","Strøget",1785.5,21.4716666666667
"Crowne Plaza Copenhagen Towers","Strøget",6756.3,81.2466666666667
"Cabinn City","Rundetaarn",1660.6,19.9233333333333
"Cab-Inn","Rundetaarn",1895.2,23.0066666666667
"Cab-Inn Scandinavia","Rundetaarn",1656.3,19.99
"Scandic Front","Rundetaarn",1301.6,15.715
"The Square","Rundetaarn",939.7,11.32
"Copenhagen Strand","Rundetaarn",1379.9,16.5916666666667
"Copenhagen Island","Rundetaarn",2763.6,33.1616666666667
"Comfort Hotel Vesterbro","Rundetaarn",1601.8,19.31
"Ibsens Hotel","Rundetaarn",788,9.435
"DGI-byens Hotel","Rundetaarn",2045.9,24.77
"Savoy","Rundetaarn",1761.8,21.2233333333333
"Avenue","Rundetaarn",1955.1,23.6333333333333
"Hotel Sankt Annæ","Rundetaarn",1194.8,14.4033333333333
"Phoenix Copenhagen","Rundetaarn",1122.4,13.5783333333333
"Hotel Christian IV","Rundetaarn",736.2,8.85166666666667
"Best Western Plus Airport Hotel Copenhagen","Rundetaarn",7216.9,87.2616666666667
"Ansgar","Rundetaarn",1788.6,21.52
"Løven","Rundetaarn",1722.3,20.7533333333333
"Tiffany","Rundetaarn",1761.6,21.1966666666667
"Go Hotel Saga","Rundetaarn",1658.7,20.0283333333333
"Hotel Du Nord","Rundetaarn",1597.7,19.2983333333333
"Hebron","Rundetaarn",1562.2,18.9033333333333
"City Hotel Nebo","Rundetaarn",1569,18.9566666666667
"Comfort Hotel Excelsior","Rundetaarn",1535.8,18.5566666666667
"Andersen Hotel","Rundetaarn",1647.2,19.9216666666667
"Mercur Hotel","Rundetaarn",1218,14.7416666666667
"Richmond Hotel","Rundetaarn",1091.3,13.12
"Kong Arthur","Rundetaarn",1023.5,12.2866666666667
"Comfort Hotel Esplanaden","Rundetaarn",1631.5,19.6416666666667
"Adina Hotel Copenhagen","Rundetaarn",2394.4,28.8516666666667
"Hotel SP34","Rundetaarn",773.4,9.24833333333333
"Hotel West","Rundetaarn",2106.8,25.3883333333333
"Central Hotel & Cafe","Rundetaarn",1963.5,23.765
"Hotel Bethel","Rundetaarn",1183.7,14.24
"Hotel Maritime","Rundetaarn",1258.9,15.175
"Hotel City","Rundetaarn",1263.3,15.2283333333333
"Hotel Amager","Rundetaarn",2495,30.4383333333333
"CPH Living","Rundetaarn",1715.8,20.6183333333333
"Rent a Room","Rundetaarn",2190.9,26.6966666666667
"Scandic Palace Hotel","Rundetaarn",918.2,10.9983333333333
"Rye115","Rundetaarn",2484.9,29.7616666666667
"Carlton Guldsmeden","Rundetaarn",2023.1,24.515
"Cottage Farm","Rundetaarn",12615.6,152.173333333333
"Livjæger Hotel Pension","Rundetaarn",2344.5,28.2216666666667
"Church of Scientology Hotel","Rundetaarn",1616.6,19.455
"Babette Guldsmeden Hotel","Rundetaarn",1626,19.5766666666667
"Manon les Suites","Rundetaarn",1179.8,14.2166666666667
"Imperial","Rundetaarn",1252.2,15.1866666666667
"Guldsmeden København","Rundetaarn",2007.6,24.3283333333333
"Absalon Hotel","Rundetaarn",1665.4,20.1083333333333
"Four Points Flex by Sheraton Copenhagen City","Rundetaarn",1684.8,20.3716666666667
"Ascot Hotel","Rundetaarn",922,11.135
"Hotel Alexandra","Rundetaarn",886.8,10.6466666666667
"MS Mary","Rundetaarn",1279,15.4483333333333
"Hotel 9 små hjem","Rundetaarn",2317.7,27.9016666666667
"Axel Guldsmeden","Rundetaarn",1597.5,19.2966666666667
"Hotel Sanders","Rundetaarn",1055.6,12.6783333333333
"the Socialist","Rundetaarn",682.9,8.21666666666667
"CitizenM Rådhuspladsen","Rundetaarn",936.5,11.2416666666667
"Good Morning City Copenhagen Star","Rundetaarn",1629.6,19.6783333333333
"Wakeup Bernstorffsgade","Rundetaarn",1934.3,23.2016666666667
"Turist Hotellet","Rundetaarn",1616.2,19.5233333333333
"Annex Copenhagen","Rundetaarn",1714.1,20.7233333333333
"Coco Hotel","Rundetaarn",1753.9,21.13
"Villa Copenhagen","Rundetaarn",1563.3,18.96
"Bryggen Guldesmeden Hotels","Rundetaarn",2819.3,33.9516666666667
"Kanalhuset","Rundetaarn",1857.7,22.41
"Go Hotel City","Rundetaarn",4146.2,50.2716666666667
"Four Points Flex by Sheraton Copenhagen Arena","Rundetaarn",7176.1,86.2783333333333
"Eric Vökel Boutique Apartments","Rundetaarn",1761.3,21.1916666666667
"A-Hotels City","Rundetaarn",1730.2,20.8483333333333
"Scandic Webers Hotel","Rundetaarn",1490.2,18.0416666666667
"Zoku Copenhagen","Rundetaarn",3466.4,42.06
"Scandic Nørreport","Rundetaarn",414.4,4.96333333333333
"25Hours","Rundetaarn",159.3,1.90833333333333
"Apēron Apartment Hotel","Rundetaarn",178.4,2.13666666666667
"Ibis Styles Copenhagen Ørestad","Rundetaarn",5870.4,70.5933333333333
"CPH Hotel","Rundetaarn",2045.6,24.7666666666667
"Brik Apartment Hotel","Rundetaarn",3747.9,45.435
"Hotel Bethel","Rundetaarn",1166.4,14.0333333333333
"Hotel Bella Grande","Rundetaarn",821.6,9.86666666666667
"25hours Hotel Paper Island","Rundetaarn",1974.8,23.745
"Crowne Plaza Copenhagen Towers","Rundetaarn",7186.4,86.4016666666667
"Cabinn City","Rosenborg Slot",2339.2,28.1833333333333
"Cab-Inn","Rosenborg Slot",2295.9,27.91
"Cab-Inn Scandinavia","Rosenborg Slot",1914.4,23.245
"Scandic Front","Rosenborg Slot",1300,16.6966666666667
"The Square","Rosenborg Slot",1519.6,18.4966666666667
"Copenhagen Strand","Rosenborg Slot",1504.3,19.4483333333333
"Copenhagen Island","Rosenborg Slot",3442.2,41.4216666666667
"Comfort Hotel Vesterbro","Rosenborg Slot",2096.2,25.6
"Ibsens Hotel","Rosenborg Slot",951.5,11.4316666666667
"DGI-byens Hotel","Rosenborg Slot",2573.8,31.32
"Savoy","Rosenborg Slot",2258.7,27.5083333333333
"Avenue","Rosenborg Slot",2090.1,25.22
"Hotel Sankt Annæ","Rosenborg Slot",1239.4,15.905
"Phoenix Copenhagen","Rosenborg Slot",924.9,12.1416666666667
"Hotel Christian IV","Rosenborg Slot",510.5,6.985
"Best Western Plus Airport Hotel Copenhagen","Rosenborg Slot",7530.3,92.56
"Ansgar","Rosenborg Slot",2294.3,27.9716666666667
"Løven","Rosenborg Slot",2219.2,27.0383333333333
"Tiffany","Rosenborg Slot",2267.3,27.6483333333333
"Go Hotel Saga","Rosenborg Slot",2166.4,26.44
"Hotel Du Nord","Rosenborg Slot",2105.4,25.71
"Hebron","Rosenborg Slot",2072.1,25.3116666666667
"City Hotel Nebo","Rosenborg Slot",2076.7,25.3683333333333
"Comfort Hotel Excelsior","Rosenborg Slot",2043.5,24.9683333333333
"Andersen Hotel","Rosenborg Slot",2157.1,26.33
"Mercur Hotel","Rosenborg Slot",1619,19.6483333333333
"Richmond Hotel","Rosenborg Slot",1397.7,17.055
"Kong Arthur","Rosenborg Slot",1164.9,13.985
"Comfort Hotel Esplanaden","Rosenborg Slot",1336.2,16.0966666666667
"Adina Hotel Copenhagen","Rosenborg Slot",1924.9,23.185
"Hotel SP34","Rosenborg Slot",1187.1,14.4816666666667
"Hotel West","Rosenborg Slot",2560.5,31.1916666666667
"Central Hotel & Cafe","Rosenborg Slot",2425.2,29.5333333333333
"Hotel Bethel","Rosenborg Slot",1245.4,16.3416666666667
"Hotel Maritime","Rosenborg Slot",1384.9,18.0183333333333
"Hotel City","Rosenborg Slot",1389.4,18.0716666666667
"Hotel Amager","Rosenborg Slot",2808.4,35.7366666666667
"CPH Living","Rosenborg Slot",2276.3,28.8666666666667
"Rent a Room","Rosenborg Slot",2504.3,31.995
"Scandic Palace Hotel","Rosenborg Slot",1585.2,19.0916666666667
"Rye115","Rosenborg Slot",1821,21.8116666666667
"Carlton Guldsmeden","Rosenborg Slot",2484.8,30.2833333333333
"Cottage Farm","Rosenborg Slot",12929,157.471666666667
"Livjæger Hotel Pension","Rosenborg Slot",1805.4,21.65
"Church of Scientology Hotel","Rosenborg Slot",2111,25.745
"Babette Guldsmeden Hotel","Rosenborg Slot",1330.7,16.0316666666667
"Manon les Suites","Rosenborg Slot",1451.9,17.705
"Imperial","Rosenborg Slot",1692.8,20.5716666666667
"Guldsmeden København","Rosenborg Slot",2469.3,30.0966666666667
"Absalon Hotel","Rosenborg Slot",2173.1,26.52
"Four Points Flex by Sheraton Copenhagen City","Rosenborg Slot",2194.6,26.78
"Ascot Hotel","Rosenborg Slot",1452.8,17.7633333333333
"Hotel Alexandra","Rosenborg Slot",1417.6,17.275
"MS Mary","Rosenborg Slot",1340.7,17.55
"Hotel 9 små hjem","Rosenborg Slot",1715.6,20.5833333333333
"Axel Guldsmeden","Rosenborg Slot",2105.2,25.7083333333333
"Hotel Sanders","Rosenborg Slot",1231.1,16.175
"the Socialist","Rosenborg Slot",915.2,12.4616666666667
"CitizenM Rådhuspladsen","Rosenborg Slot",1467.3,17.87
"Good Morning City Copenhagen Star","Rosenborg Slot",2137.3,26.09
"Wakeup Bernstorffsgade","Rosenborg Slot",2612.9,31.4616666666667
"Turist Hotellet","Rosenborg Slot",2123.8,25.935
"Annex Copenhagen","Rosenborg Slot",2223.9,27.1316666666667
"Coco Hotel","Rosenborg Slot",2250.8,27.415
"Villa Copenhagen","Rosenborg Slot",2163.4,26.315
"Bryggen Guldesmeden Hotels","Rosenborg Slot",3379.8,42.2
"Kanalhuset","Rosenborg Slot",2171.1,27.7083333333333
"Go Hotel City","Rosenborg Slot",4459.5,55.57
"Four Points Flex by Sheraton Copenhagen Arena","Rosenborg Slot",7477.2,91.7416666666667
"Eric Vökel Boutique Apartments","Rosenborg Slot",2267.2,27.6483333333333
"A-Hotels City","Rosenborg Slot",2227.1,27.1333333333333
"Scandic Webers Hotel","Rosenborg Slot",2000.1,24.45
"Zoku Copenhagen","Rosenborg Slot",3779.8,47.3583333333333
"Scandic Nørreport","Rosenborg Slot",544.9,6.59
"25Hours","Rosenborg Slot",694.1,9.01333333333333
"Apēron Apartment Hotel","Rosenborg Slot",751.7,9.00333333333333
"Ibis Styles Copenhagen Ørestad","Rosenborg Slot",6170.8,76.0516666666667
"CPH Hotel","Rosenborg Slot",2573.6,31.3166666666667
"Brik Apartment Hotel","Rosenborg Slot",4061.3,50.7333333333333
"Hotel Bethel","Rosenborg Slot",1228.1,16.135
"Hotel Bella Grande","Rosenborg Slot",1352.4,16.495
"25hours Hotel Paper Island","Rosenborg Slot",2036.4,25.8466666666667
"Crowne Plaza Copenhagen Towers","Rosenborg Slot",7487.5,91.865
"Cabinn City","Den Lille Havfrue",3447.7,41.7533333333333
"Cab-Inn","Den Lille Havfrue",4124.5,49.9033333333333
"Cab-Inn Scandinavia","Den Lille Havfrue",3742.9,45.2383333333333
"Scandic Front","Den Lille Havfrue",1469.6,17.615
"The Square","Den Lille Havfrue",3187.9,38.38
"Copenhagen Strand","Den Lille Havfrue",2016.2,24.295
"Copenhagen Island","Den Lille Havfrue",4500.8,54.3683333333333
"Comfort Hotel Vesterbro","Den Lille Havfrue",3773.2,45.5183333333333
"Ibsens Hotel","Den Lille Havfrue",2776.9,33.3866666666667
"DGI-byens Hotel","Den Lille Havfrue",3918.2,47.4883333333333
"Savoy","Den Lille Havfrue",3944.8,47.57
"Avenue","Den Lille Havfrue",3915.4,47.175
"Hotel Sankt Annæ","Den Lille Havfrue",1512.8,18.1316666666667
"Phoenix Copenhagen","Den Lille Havfrue",1432.8,17.265
"Hotel Christian IV","Den Lille Havfrue",1729.4,20.785
"Best Western Plus Airport Hotel Copenhagen","Den Lille Havfrue",7930.7,95.3783333333333
"Ansgar","Den Lille Havfrue",3787.3,45.9233333333333
"Løven","Den Lille Havfrue",3905.3,47.1
"Tiffany","Den Lille Havfrue",3814.2,46.2466666666667
"Go Hotel Saga","Den Lille Havfrue",3830,46.17
"Hotel Du Nord","Den Lille Havfrue",3769,45.44
"Hebron","Den Lille Havfrue",3733.5,45.045
"City Hotel Nebo","Den Lille Havfrue",3740.3,45.0983333333333
"Comfort Hotel Excelsior","Den Lille Havfrue",3707.1,44.6983333333333
"Andersen Hotel","Den Lille Havfrue",3818.5,46.0633333333333
"Mercur Hotel","Den Lille Havfrue",3447.6,41.6416666666667
"Richmond Hotel","Den Lille Havfrue",3226.3,39.0483333333333
"Kong Arthur","Den Lille Havfrue",2990.3,35.94
"Comfort Hotel Esplanaden","Den Lille Havfrue",875.2,10.5216666666667
"Adina Hotel Copenhagen","Den Lille Havfrue",920,11.05
"Hotel SP34","Den Lille Havfrue",3015.7,36.475
"Hotel West","Den Lille Havfrue",4289.8,51.735
"Central Hotel & Cafe","Den Lille Havfrue",4253.7,51.5266666666667
"Hotel Bethel","Den Lille Havfrue",1729.7,20.8616666666667
"Hotel Maritime","Den Lille Havfrue",2028.5,24.4416666666667
"Hotel City","Den Lille Havfrue",2033,24.495
"Hotel Amager","Den Lille Havfrue",3649.4,44.0366666666667
"CPH Living","Den Lille Havfrue",3183.8,38.1433333333333
"Rent a Room","Den Lille Havfrue",3345.3,40.295
"Scandic Palace Hotel","Den Lille Havfrue",2971.4,35.8866666666667
"Rye115","Den Lille Havfrue",2137.8,25.5933333333333
"Carlton Guldsmeden","Den Lille Havfrue",4219.1,50.92
"Cottage Farm","Den Lille Havfrue",13782.3,165.863333333333
"Livjæger Hotel Pension","Den Lille Havfrue",1533.4,18.3616666666667
"Church of Scientology Hotel","Den Lille Havfrue",3799.6,45.8016666666667
"Babette Guldsmeden Hotel","Den Lille Havfrue",869.8,10.4566666666667
"Manon les Suites","Den Lille Havfrue",3280.5,39.6983333333333
"Imperial","Den Lille Havfrue",3521.3,42.565
"Guldsmeden København","Den Lille Havfrue",4203.6,50.7333333333333
"Absalon Hotel","Den Lille Havfrue",3836.7,46.25
"Four Points Flex by Sheraton Copenhagen City","Den Lille Havfrue",3856.1,46.5133333333333
"Ascot Hotel","Den Lille Havfrue",3285.2,39.605
"Hotel Alexandra","Den Lille Havfrue",3249.9,39.1166666666667
"MS Mary","Den Lille Havfrue",1707.4,20.465
"Hotel 9 små hjem","Den Lille Havfrue",1617.6,19.37
"Axel Guldsmeden","Den Lille Havfrue",3768.8,45.4383333333333
"Hotel Sanders","Den Lille Havfrue",1988.1,24.055
"the Socialist","Den Lille Havfrue",2092.7,25.3716666666667
"CitizenM Rådhuspladsen","Den Lille Havfrue",3197.5,38.5266666666667
"Good Morning City Copenhagen Star","Den Lille Havfrue",3800.9,45.82
"Wakeup Bernstorffsgade","Den Lille Havfrue",3721.4,45.0316666666667
"Turist Hotellet","Den Lille Havfrue",3787.5,45.665
"Annex Copenhagen","Den Lille Havfrue",3885.4,46.865
"Coco Hotel","Den Lille Havfrue",3936.9,47.4766666666667
"Villa Copenhagen","Den Lille Havfrue",3435.6,41.6783333333333
"Bryggen Guldesmeden Hotels","Den Lille Havfrue",4287.2,51.4766666666667
"Kanalhuset","Den Lille Havfrue",2391.3,28.655
"Go Hotel City","Den Lille Havfrue",4690.8,56.2933333333333
"Four Points Flex by Sheraton Copenhagen Arena","Den Lille Havfrue",8330.6,100.133333333333
"Eric Vökel Boutique Apartments","Den Lille Havfrue",3834.3,46.485
"A-Hotels City","Den Lille Havfrue",3913.2,47.195
"Scandic Webers Hotel","Den Lille Havfrue",3661.5,44.1833333333333
"Zoku Copenhagen","Den Lille Havfrue",4633.2,55.75
"Scandic Nørreport","Den Lille Havfrue",2373.5,28.5833333333333
"25Hours","Den Lille Havfrue",2356.4,28.3966666666667
"Apēron Apartment Hotel","Den Lille Havfrue",2495.3,29.99
"Ibis Styles Copenhagen Ørestad","Den Lille Havfrue",7024.2,84.4433333333333
"CPH Hotel","Den Lille Havfrue",3917.9,47.485
"Brik Apartment Hotel","Den Lille Havfrue",4401.4,52.7283333333333
"Hotel Bethel","Den Lille Havfrue",1747,21.0683333333333
"Hotel Bella Grande","Den Lille Havfrue",3158.9,38.07
"25hours Hotel Paper Island","Den Lille Havfrue",2085.3,24.9883333333333
"Crowne Plaza Copenhagen Towers","Den Lille Havfrue",8340.8,100.256666666667
"Cabinn City","Christiansborg Slot",1015.3,12.255
"Cab-Inn","Christiansborg Slot",2270.2,27.6083333333333
"Cab-Inn Scandinavia","Christiansborg Slot",2077.4,25.115
"Scandic Front","Christiansborg Slot",1203,14.6333333333333
"The Square","Christiansborg Slot",1067.4,12.885
"Copenhagen Strand","Christiansborg Slot",863,10.3983333333333
"Copenhagen Island","Christiansborg Slot",2107.9,25.3066666666667
"Comfort Hotel Vesterbro","Christiansborg Slot",1637.2,19.835
"Ibsens Hotel","Christiansborg Slot",1571.2,18.8516666666667
"DGI-byens Hotel","Christiansborg Slot",1544.5,18.5533333333333
"Savoy","Christiansborg Slot",1808.8,21.8866666666667
"Avenue","Christiansborg Slot",2376.2,28.7583333333333
"Hotel Sankt Annæ","Christiansborg Slot",1197.5,14.57
"Phoenix Copenhagen","Christiansborg Slot",1190.8,14.4616666666667
"Hotel Christian IV","Christiansborg Slot",1274.7,15.3383333333333
"Best Western Plus Airport Hotel Copenhagen","Christiansborg Slot",6644.8,80.3466666666667
"Ansgar","Christiansborg Slot",1413.6,16.9883333333333
"Løven","Christiansborg Slot",1769.3,21.4166666666667
"Tiffany","Christiansborg Slot",1440.6,17.3116666666667
"Go Hotel Saga","Christiansborg Slot",1454.1,17.8
"Hotel Du Nord","Christiansborg Slot",1435.5,17.5783333333333
"Hebron","Christiansborg Slot",1597.5,19.3616666666667
"City Hotel Nebo","Christiansborg Slot",1373.7,16.8383333333333
"Comfort Hotel Excelsior","Christiansborg Slot",1497.4,18.32
"Andersen Hotel","Christiansborg Slot",1507.4,18.44
"Mercur Hotel","Christiansborg Slot",1552.7,18.8583333333333
"Richmond Hotel","Christiansborg Slot",1512.3,18.245
"Kong Arthur","Christiansborg Slot",1806.8,21.7033333333333
"Comfort Hotel Esplanaden","Christiansborg Slot",1748.4,21.205
"Adina Hotel Copenhagen","Christiansborg Slot",2951.9,35.6316666666667
"Hotel SP34","Christiansborg Slot",1194.5,14.3733333333333
"Hotel West","Christiansborg Slot",2153.7,26.0516666666667
"Central Hotel & Cafe","Christiansborg Slot",2159.4,26.1816666666667
"Hotel Bethel","Christiansborg Slot",945.8,11.485
"Hotel Maritime","Christiansborg Slot",797.2,9.67166666666667
"Hotel City","Christiansborg Slot",801.7,9.725
"Hotel Amager","Christiansborg Slot",1922.9,23.5233333333333
"CPH Living","Christiansborg Slot",1032.5,12.3683333333333
"Rent a Room","Christiansborg Slot",1618.8,19.7816666666667
"Scandic Palace Hotel","Christiansborg Slot",810.8,9.78
"Rye115","Christiansborg Slot",3223.2,38.8433333333333
"Carlton Guldsmeden","Christiansborg Slot",2083.1,25.2366666666667
"Cottage Farm","Christiansborg Slot",12043.5,145.258333333333
"Livjæger Hotel Pension","Christiansborg Slot",2902,35.0016666666667
"Church of Scientology Hotel","Christiansborg Slot",1663.6,20.1183333333333
"Babette Guldsmeden Hotel","Christiansborg Slot",1753.8,21.27
"Manon les Suites","Christiansborg Slot",1600.9,19.3416666666667
"Imperial","Christiansborg Slot",1448.1,17.6033333333333
"Guldsmeden København","Christiansborg Slot",2067.5,25.05
"Absalon Hotel","Christiansborg Slot",1473.9,18.0383333333333
"Four Points Flex by Sheraton Copenhagen City","Christiansborg Slot",1499.9,18.35
"Ascot Hotel","Christiansborg Slot",1224.3,14.8283333333333
"Hotel Alexandra","Christiansborg Slot",1129.9,13.6633333333333
"MS Mary","Christiansborg Slot",1107.4,13.4533333333333
"Hotel 9 små hjem","Christiansborg Slot",2875.2,34.6816666666667
"Axel Guldsmeden","Christiansborg Slot",1435.7,17.58
"Hotel Sanders","Christiansborg Slot",696.1,8.46166666666667
"the Socialist","Christiansborg Slot",545.4,6.59833333333333
"CitizenM Rådhuspladsen","Christiansborg Slot",1080.2,13.0683333333333
"Good Morning City Copenhagen Star","Christiansborg Slot",1438.1,17.6083333333333
"Wakeup Bernstorffsgade","Christiansborg Slot",1289,15.5333333333333
"Turist Hotellet","Christiansborg Slot",1396.1,17.105
"Annex Copenhagen","Christiansborg Slot",1529.2,18.7016666666667
"Coco Hotel","Christiansborg Slot",1800.8,21.7933333333333
"Villa Copenhagen","Christiansborg Slot",1062,12.7433333333333
"Bryggen Guldesmeden Hotels","Christiansborg Slot",2136,25.7016666666667
"Kanalhuset","Christiansborg Slot",1285.6,15.495
"Go Hotel City","Christiansborg Slot",3574.1,43.3566666666667
"Four Points Flex by Sheraton Copenhagen Arena","Christiansborg Slot",6492.8,78.0283333333333
"Eric Vökel Boutique Apartments","Christiansborg Slot",1460.6,17.55
"A-Hotels City","Christiansborg Slot",1777.2,21.5116666666667
"Scandic Webers Hotel","Christiansborg Slot",1525.5,18.5
"Zoku Copenhagen","Christiansborg Slot",2894.3,35.145
"Scandic Nørreport","Christiansborg Slot",1197.6,14.38
"25Hours","Christiansborg Slot",817,9.82166666666667
"Apēron Apartment Hotel","Christiansborg Slot",1001.4,12.0266666666667
"Ibis Styles Copenhagen Ørestad","Christiansborg Slot",5187.1,62.3433333333333
"CPH Hotel","Christiansborg Slot",1544.2,18.55
"Brik Apartment Hotel","Christiansborg Slot",3175.8,38.52
"Hotel Bethel","Christiansborg Slot",963.1,11.6916666666667
"Hotel Bella Grande","Christiansborg Slot",1043.2,12.6316666666667
"25hours Hotel Paper Island","Christiansborg Slot",1681.4,20.2616666666667
"Crowne Plaza Copenhagen Towers","Christiansborg Slot",6503.1,78.1516666666667
"Cabinn City","Frederiksberg Slot",3328.5,40.1733333333333
"Cab-Inn","Frederiksberg Slot",2456.8,29.65
"Cab-Inn Scandinavia","Frederiksberg Slot",2852.8,34.4233333333333
"Scandic Front","Frederiksberg Slot",4800.5,57.9466666666667
"The Square","Frederiksberg Slot",2972.6,35.9366666666667
"Copenhagen Strand","Frederiksberg Slot",4680.4,56.545
"Copenhagen Island","Frederiksberg Slot",2894.9,34.895
"Comfort Hotel Vesterbro","Frederiksberg Slot",2285.4,27.6433333333333
"Ibsens Hotel","Frederiksberg Slot",3763.5,45.5883333333333
"DGI-byens Hotel","Frederiksberg Slot",2822.1,34.0733333333333
"Savoy","Frederiksberg Slot",2109.3,25.505
"Avenue","Frederiksberg Slot",3022.6,36.5383333333333
"Hotel Sankt Annæ","Frederiksberg Slot",4693.7,56.635
"Phoenix Copenhagen","Frederiksberg Slot",4621.4,55.81
"Hotel Christian IV","Frederiksberg Slot",4554.7,54.9783333333333
"Best Western Plus Airport Hotel Copenhagen","Frederiksberg Slot",9630.5,115.76
"Ansgar","Frederiksberg Slot",2691,32.495
"Løven","Frederiksberg Slot",2148.8,25.975
"Tiffany","Frederiksberg Slot",2664,32.1716666666667
"Go Hotel Saga","Frederiksberg Slot",2624.4,31.7033333333333
"Hotel Du Nord","Frederiksberg Slot",2592.7,31.3233333333333
"Hebron","Frederiksberg Slot",2460.9,29.745
"City Hotel Nebo","Frederiksberg Slot",2625.2,31.7133333333333
"Comfort Hotel Excelsior","Frederiksberg Slot",2528.6,30.5833333333333
"Andersen Hotel","Frederiksberg Slot",2536.5,30.6516666666667
"Mercur Hotel","Frederiksberg Slot",2770.7,33.5966666666667
"Richmond Hotel","Frederiksberg Slot",2998.4,36.3583333333333
"Kong Arthur","Frederiksberg Slot",3706.2,44.81
"Comfort Hotel Esplanaden","Frederiksberg Slot",5178.9,62.5533333333333
"Adina Hotel Copenhagen","Frederiksberg Slot",6056.6,73.4383333333333
"Hotel SP34","Frederiksberg Slot",3170.6,38.6166666666667
"Hotel West","Frederiksberg Slot",1943.8,23.4933333333333
"Central Hotel & Cafe","Frederiksberg Slot",1919.6,23.2066666666667
"Hotel Bethel","Frederiksberg Slot",4609.6,55.6616666666667
"Hotel Maritime","Frederiksberg Slot",4589.8,55.4333333333333
"Hotel City","Frederiksberg Slot",4594.2,55.4866666666667
"Hotel Amager","Frederiksberg Slot",5327.1,64.445
"CPH Living","Frederiksberg Slot",4102.3,49.62
"Rent a Room","Frederiksberg Slot",5142.5,62.2366666666667
"Scandic Palace Hotel","Frederiksberg Slot",3126.2,37.845
"Rye115","Frederiksberg Slot",5253.2,63.7966666666667
"Carlton Guldsmeden","Frederiksberg Slot",1908.2,23.1033333333333
"Cottage Farm","Frederiksberg Slot",14303.7,172.036666666667
"Livjæger Hotel Pension","Frederiksberg Slot",5856.4,70.79
"Church of Scientology Hotel","Frederiksberg Slot",2254.5,27.2733333333333
"Babette Guldsmeden Hotel","Frederiksberg Slot",5184.3,62.6183333333333
"Manon les Suites","Frederiksberg Slot",3198.4,38.6516666666667
"Imperial","Frederiksberg Slot",2666.1,32.3416666666667
"Guldsmeden København","Frederiksberg Slot",1849.2,22.3966666666667
"Absalon Hotel","Frederiksberg Slot",2525,30.5133333333333
"Four Points Flex by Sheraton Copenhagen City","Frederiksberg Slot",2499,30.2016666666667
"Ascot Hotel","Frederiksberg Slot",2934.8,35.59
"Hotel Alexandra","Frederiksberg Slot",3029.3,36.755
"MS Mary","Frederiksberg Slot",4778,57.68
"Hotel 9 små hjem","Frederiksberg Slot",5587,67.5016666666667
"Axel Guldsmeden","Frederiksberg Slot",2590.3,31.3233333333333
"Hotel Sanders","Frederiksberg Slot",4422,53.4183333333333
"the Socialist","Frederiksberg Slot",4050.7,48.9416666666667
"CitizenM Rådhuspladsen","Frederiksberg Slot",3028.6,36.64
"Good Morning City Copenhagen Star","Frederiksberg Slot",2595.3,31.3533333333333
"Wakeup Bernstorffsgade","Frederiksberg Slot",3539.5,42.7016666666667
"Turist Hotellet","Frederiksberg Slot",2682.4,32.3983333333333
"Annex Copenhagen","Frederiksberg Slot",2550.5,30.8166666666667
"Coco Hotel","Frederiksberg Slot",2117.2,25.5983333333333
"Villa Copenhagen","Frederiksberg Slot",3038,36.6933333333333
"Bryggen Guldesmeden Hotels","Frederiksberg Slot",4186.1,50.3566666666667
"Kanalhuset","Frederiksberg Slot",5101.7,61.62
"Go Hotel City","Frederiksberg Slot",7168.3,86.65
"Four Points Flex by Sheraton Copenhagen Arena","Frederiksberg Slot",8196,100.108333333333
"Eric Vökel Boutique Apartments","Frederiksberg Slot",2777.3,33.5266666666667
"A-Hotels City","Frederiksberg Slot",2193.2,26.54
"Scandic Webers Hotel","Frederiksberg Slot",2416.3,29.21
"Zoku Copenhagen","Frederiksberg Slot",5165.1,62.0783333333333
"Scandic Nørreport","Frederiksberg Slot",3811.5,46.3566666666667
"25Hours","Frederiksberg Slot",3857,46.5616666666667
"Apēron Apartment Hotel","Frederiksberg Slot",3980.6,48.31
"Ibis Styles Copenhagen Ørestad","Frederiksberg Slot",7085.2,85.1333333333333
"CPH Hotel","Frederiksberg Slot",2821.8,34.07
"Brik Apartment Hotel","Frederiksberg Slot",6770,81.8133333333333
"Hotel Bethel","Frederiksberg Slot",4592.3,55.455
"Hotel Bella Grande","Frederiksberg Slot",3120.9,37.9183333333333
"25hours Hotel Paper Island","Frederiksberg Slot",5400.6,65.1666666666667
"Crowne Plaza Copenhagen Towers","Frederiksberg Slot",8206.3,100.231666666667
"Cabinn City","Gråbrødretorv",1421.5,17.0566666666667
"Cab-Inn","Gråbrødretorv",1905.3,23.1366666666667
"Cab-Inn Scandinavia","Gråbrødretorv",1666.5,20.12
"Scandic Front","Gråbrødretorv",1310.6,15.8183333333333
"The Square","Gråbrødretorv",782.1,9.42833333333333
"Copenhagen Strand","Gråbrødretorv",1265.7,15.2216666666667
"Copenhagen Island","Gråbrødretorv",2524.5,30.295
"Comfort Hotel Vesterbro","Gråbrødretorv",1444.1,17.4183333333333
"Ibsens Hotel","Gråbrødretorv",988.3,11.84
"DGI-byens Hotel","Gråbrødretorv",1806.8,21.9033333333333
"Savoy","Gråbrødretorv",1604.2,19.3316666666667
"Avenue","Gråbrødretorv",1965.3,23.7633333333333
"Hotel Sankt Annæ","Gråbrødretorv",1203.8,14.5066666666667
"Phoenix Copenhagen","Gråbrødretorv",1131.5,13.6816666666667
"Hotel Christian IV","Gråbrødretorv",888.8,10.6483333333333
"Best Western Plus Airport Hotel Copenhagen","Gråbrødretorv",7092,85.765
"Ansgar","Gråbrødretorv",1630.9,19.6283333333333
"Løven","Gråbrødretorv",1564.7,18.8616666666667
"Tiffany","Gråbrødretorv",1603.9,19.305
"Go Hotel Saga","Gråbrødretorv",1501,18.1366666666667
"Hotel Du Nord","Gråbrødretorv",1440,17.4066666666667
"Hebron","Gråbrødretorv",1404.6,17.0116666666667
"City Hotel Nebo","Gråbrødretorv",1411.3,17.065
"Comfort Hotel Excelsior","Gråbrødretorv",1378.1,16.665
"Andersen Hotel","Gråbrødretorv",1489.6,18.03
"Mercur Hotel","Gråbrødretorv",1228.1,14.8716666666667
"Richmond Hotel","Gråbrødretorv",1101.4,13.25
"Kong Arthur","Gråbrødretorv",1223.8,14.6916666666667
"Comfort Hotel Esplanaden","Gråbrødretorv",1637,19.77
"Adina Hotel Copenhagen","Gråbrødretorv",2547,30.6483333333333
"Hotel SP34","Gråbrødretorv",783.5,9.37833333333333
"Hotel West","Gråbrødretorv",1949.1,23.4966666666667
"Central Hotel & Cafe","Gråbrødretorv",1870.9,22.6883333333333
"Hotel Bethel","Gråbrødretorv",1137.4,13.6783333333333
"Hotel Maritime","Gråbrødretorv",1144.7,13.805
"Hotel City","Gråbrødretorv",1149.2,13.8583333333333
"Hotel Amager","Gråbrødretorv",2370.1,28.9416666666667
"CPH Living","Gråbrødretorv",1476.8,17.7516666666667
"Rent a Room","Gråbrødretorv",2066,25.2
"Scandic Palace Hotel","Gråbrødretorv",760.5,9.10666666666667
"Rye115","Gråbrødretorv",2702.4,32.365
"Carlton Guldsmeden","Gråbrødretorv",1878.4,22.6816666666667
"Cottage Farm","Gråbrødretorv",12490.7,150.676666666667
"Livjæger Hotel Pension","Gråbrødretorv",2497.1,30.0183333333333
"Church of Scientology Hotel","Gråbrødretorv",1459,17.5633333333333
"Babette Guldsmeden Hotel","Gråbrødretorv",1631.6,19.705
"Manon les Suites","Gråbrødretorv",1189.9,14.3466666666667
"Imperial","Gråbrødretorv",1159.6,14.11
"Guldsmeden København","Gråbrødretorv",1862.9,22.495
"Absalon Hotel","Gråbrødretorv",1507.7,18.2166666666667
"Four Points Flex by Sheraton Copenhagen City","Gråbrødretorv",1527.1,18.48
"Ascot Hotel","Gråbrødretorv",869.6,10.5083333333333
"Hotel Alexandra","Gråbrødretorv",834.4,10.02
"MS Mary","Gråbrødretorv",1288.1,15.5516666666667
"Hotel 9 små hjem","Gråbrødretorv",2470.4,29.6983333333333
"Axel Guldsmeden","Gråbrødretorv",1439.9,17.405
"Hotel Sanders","Gråbrødretorv",949.9,11.435
"the Socialist","Gråbrødretorv",578.6,6.95833333333333
"CitizenM Rådhuspladsen","Gråbrødretorv",791.7,9.575
"Good Morning City Copenhagen Star","Gråbrødretorv",1471.9,17.7866666666667
"Wakeup Bernstorffsgade","Gråbrødretorv",1695.2,20.335
"Turist Hotellet","Gråbrødretorv",1458.5,17.6316666666667
"Annex Copenhagen","Gråbrødretorv",1556.4,18.8316666666667
"Coco Hotel","Gråbrødretorv",1596.2,19.2383333333333
"Villa Copenhagen","Gråbrødretorv",1324.3,16.0933333333333
"Bryggen Guldesmeden Hotels","Gråbrødretorv",2580.2,31.085
"Kanalhuset","Gråbrødretorv",1732.8,20.9133333333333
"Go Hotel City","Gråbrødretorv",4021.2,48.775
"Four Points Flex by Sheraton Copenhagen Arena","Gråbrødretorv",6937.1,83.4116666666667
"Eric Vökel Boutique Apartments","Gråbrødretorv",1603.7,19.3
"A-Hotels City","Gråbrødretorv",1572.6,18.9566666666667
"Scandic Webers Hotel","Gråbrødretorv",1332.6,16.15
"Zoku Copenhagen","Gråbrødretorv",3341.5,40.5633333333333
"Scandic Nørreport","Gråbrødretorv",631.9,7.56666666666667
"25Hours","Gråbrødretorv",268.3,3.215
"Apēron Apartment Hotel","Gråbrødretorv",435.7,5.21333333333333
"Ibis Styles Copenhagen Ørestad","Gråbrødretorv",5631.3,67.7266666666667
"CPH Hotel","Gråbrødretorv",1806.6,21.9
"Brik Apartment Hotel","Gråbrødretorv",3623,43.9383333333333
"Hotel Bethel","Gråbrødretorv",1120.2,13.4716666666667
"Hotel Bella Grande","Gråbrødretorv",753.1,9.11833333333333
"25hours Hotel Paper Island","Gråbrødretorv",1928.5,23.1833333333333
"Crowne Plaza Copenhagen Towers","Gråbrødretorv",6947.3,83.535
"Cabinn City","Kongens Nytorv",1683.4,20.3833333333333
"Cab-Inn","Kongens Nytorv",2594.5,31.415
"Cab-Inn Scandinavia","Kongens Nytorv",2380.1,28.6616666666667
"Scandic Front","Kongens Nytorv",530.4,6.41333333333333
"The Square","Kongens Nytorv",1414.9,16.9683333333333
"Copenhagen Strand","Kongens Nytorv",647.8,7.76
"Copenhagen Island","Kongens Nytorv",2736.6,32.9983333333333
"Comfort Hotel Vesterbro","Kongens Nytorv",2000.2,24.1066666666667
"Ibsens Hotel","Kongens Nytorv",1558.6,18.89
"DGI-byens Hotel","Kongens Nytorv",2153.9,26.1183333333333
"Savoy","Kongens Nytorv",2171.8,26.1583333333333
"Avenue","Kongens Nytorv",2678.9,32.305
"Hotel Sankt Annæ","Kongens Nytorv",423.7,5.10166666666667
"Phoenix Copenhagen","Kongens Nytorv",351.3,4.27666666666667
"Hotel Christian IV","Kongens Nytorv",689.3,8.32166666666667
"Best Western Plus Airport Hotel Copenhagen","Kongens Nytorv",6863.3,83.07
"Ansgar","Kongens Nytorv",2023,24.5533333333333
"Løven","Kongens Nytorv",2132.3,25.6883333333333
"Tiffany","Kongens Nytorv",2050,24.8766666666667
"Go Hotel Saga","Kongens Nytorv",2057,24.7583333333333
"Hotel Du Nord","Kongens Nytorv",1996,24.0283333333333
"Hebron","Kongens Nytorv",1960.5,23.6333333333333
"City Hotel Nebo","Kongens Nytorv",1967.3,23.6866666666667
"Comfort Hotel Excelsior","Kongens Nytorv",1934.1,23.2866666666667
"Andersen Hotel","Kongens Nytorv",2045.5,24.6516666666667
"Mercur Hotel","Kongens Nytorv",1897,22.905
"Richmond Hotel","Kongens Nytorv",1815.1,21.7916666666667
"Kong Arthur","Kongens Nytorv",1772,21.4433333333333
"Comfort Hotel Esplanaden","Kongens Nytorv",908.8,11.02
"Adina Hotel Copenhagen","Kongens Nytorv",2262.3,27.2716666666667
"Hotel SP34","Kongens Nytorv",1497.2,17.92
"Hotel West","Kongens Nytorv",2516.8,30.3233333333333
"Central Hotel & Cafe","Kongens Nytorv",2503.7,30.2283333333333
"Hotel Bethel","Kongens Nytorv",388.9,4.65333333333333
"Hotel Maritime","Kongens Nytorv",528.4,6.33
"Hotel City","Kongens Nytorv",532.9,6.38333333333333
"Hotel Amager","Kongens Nytorv",2141.4,26.2466666666667
"CPH Living","Kongens Nytorv",1609.4,19.3766666666667
"Rent a Room","Kongens Nytorv",1837.3,22.505
"Scandic Palace Hotel","Kongens Nytorv",1207.1,14.5166666666667
"Rye115","Kongens Nytorv",2558.8,30.7783333333333
"Carlton Guldsmeden","Kongens Nytorv",2446.1,29.5083333333333
"Cottage Farm","Kongens Nytorv",12262,147.981666666667
"Livjæger Hotel Pension","Kongens Nytorv",2218.4,26.7466666666667
"Church of Scientology Hotel","Kongens Nytorv",2026.6,24.39
"Babette Guldsmeden Hotel","Kongens Nytorv",914.2,11.085
"Manon les Suites","Kongens Nytorv",1903.6,22.8883333333333
"Imperial","Kongens Nytorv",1792.4,21.65
"Guldsmeden København","Kongens Nytorv",2430.6,29.3216666666667
"Absalon Hotel","Kongens Nytorv",2063.7,24.8383333333333
"Four Points Flex by Sheraton Copenhagen City","Kongens Nytorv",2083.1,25.1016666666667
"Ascot Hotel","Kongens Nytorv",1548.7,18.635
"Hotel Alexandra","Kongens Nytorv",1474.2,17.71
"MS Mary","Kongens Nytorv",507.9,6.14666666666667
"Hotel 9 små hjem","Kongens Nytorv",2191.6,26.4266666666667
"Axel Guldsmeden","Kongens Nytorv",1995.8,24.0266666666667
"Hotel Sanders","Kongens Nytorv",343.6,4.11666666666667
"the Socialist","Kongens Nytorv",328.4,4.00166666666667
"CitizenM Rådhuspladsen","Kongens Nytorv",1424.5,17.115
"Good Morning City Copenhagen Star","Kongens Nytorv",2027.9,24.4083333333333
"Wakeup Bernstorffsgade","Kongens Nytorv",1957.1,23.6616666666667
"Turist Hotellet","Kongens Nytorv",2014.4,24.2533333333333
"Annex Copenhagen","Kongens Nytorv",2112.4,25.4533333333333
"Coco Hotel","Kongens Nytorv",2163.9,26.065
"Villa Copenhagen","Kongens Nytorv",1671.3,20.3083333333333
"Bryggen Guldesmeden Hotels","Kongens Nytorv",2712.8,32.71
"Kanalhuset","Kongens Nytorv",1393.2,16.7133333333333
"Go Hotel City","Kongens Nytorv",3751.3,45.0583333333333
"Four Points Flex by Sheraton Copenhagen Arena","Kongens Nytorv",6810.3,82.2516666666667
"Eric Vökel Boutique Apartments","Kongens Nytorv",2070,25.115
"A-Hotels City","Kongens Nytorv",2140.2,25.7833333333333
"Scandic Webers Hotel","Kongens Nytorv",1888.5,22.7716666666667
"Zoku Copenhagen","Kongens Nytorv",3112.8,37.8683333333333
"Scandic Nørreport","Kongens Nytorv",1155.4,14.0266666666667
"25Hours","Kongens Nytorv",782.4,9.37333333333333
"Apēron Apartment Hotel","Kongens Nytorv",925,11.0783333333333
"Ibis Styles Copenhagen Ørestad","Kongens Nytorv",5503.8,66.5616666666667
"CPH Hotel","Kongens Nytorv",2153.6,26.115
"Brik Apartment Hotel","Kongens Nytorv",3394.3,41.2433333333333
"Hotel Bethel","Kongens Nytorv",371.6,4.44666666666667
"Hotel Bella Grande","Kongens Nytorv",1385.9,16.6583333333333
"25hours Hotel Paper Island","Kongens Nytorv",1179.9,14.1583333333333
"Crowne Plaza Copenhagen Towers","Kongens Nytorv",6820.5,82.375
"Cabinn City","Frederiks Kirke",2330.3,28.3283333333333
"Cab-Inn","Frederiks Kirke",3144.4,38.0366666666667
"Cab-Inn Scandinavia","Frederiks Kirke",2905.6,35.02
"Scandic Front","Frederiks Kirke",692.9,8.36166666666667
"The Square","Frederiks Kirke",2012.8,24.235
"Copenhagen Strand","Frederiks Kirke",1143.4,13.83
"Copenhagen Island","Frederiks Kirke",3383.4,40.9433333333333
"Comfort Hotel Vesterbro","Frederiks Kirke",2598.2,31.3733333333333
"Ibsens Hotel","Frederiks Kirke",1952,23.6016666666667
"DGI-byens Hotel","Frederiks Kirke",2786.1,33.7616666666667
"Savoy","Frederiks Kirke",2769.8,33.425
"Avenue","Frederiks Kirke",3090.5,37.39
"Hotel Sankt Annæ","Frederiks Kirke",629.8,7.60333333333333
"Phoenix Copenhagen","Frederiks Kirke",315.3,3.84
"Hotel Christian IV","Frederiks Kirke",559.6,6.83333333333333
"Best Western Plus Airport Hotel Copenhagen","Frederiks Kirke",7483.8,90.1783333333333
"Ansgar","Frederiks Kirke",2655.2,32.1966666666667
"Løven","Frederiks Kirke",2730.3,32.955
"Tiffany","Frederiks Kirke",2682.1,32.52
"Go Hotel Saga","Frederiks Kirke",2654.9,32.025
"Hotel Du Nord","Frederiks Kirke",2593.9,31.295
"Hebron","Frederiks Kirke",2558.5,30.9
"City Hotel Nebo","Frederiks Kirke",2565.3,30.9533333333333
"Comfort Hotel Excelsior","Frederiks Kirke",2532,30.5533333333333
"Andersen Hotel","Frederiks Kirke",2643.5,31.9183333333333
"Mercur Hotel","Frederiks Kirke",2467.2,29.7716666666667
"Richmond Hotel","Frederiks Kirke",2340.5,28.15
"Kong Arthur","Frederiks Kirke",2165.4,26.155
"Comfort Hotel Esplanaden","Frederiks Kirke",432,5.20666666666667
"Adina Hotel Copenhagen","Frederiks Kirke",1727.5,20.7966666666667
"Hotel SP34","Frederiks Kirke",2022.6,24.2783333333333
"Hotel West","Frederiks Kirke",3114.8,37.59
"Central Hotel & Cafe","Frederiks Kirke",3101.7,37.495
"Hotel Bethel","Frederiks Kirke",884.5,10.7233333333333
"Hotel Maritime","Frederiks Kirke",1024.1,12.4
"Hotel City","Frederiks Kirke",1028.5,12.4533333333333
"Hotel Amager","Frederiks Kirke",2788.2,34.1916666666667
"CPH Living","Frederiks Kirke",2256.2,27.3216666666667
"Rent a Room","Frederiks Kirke",2484.1,30.45
"Scandic Palace Hotel","Frederiks Kirke",1833.7,22.0566666666667
"Rye115","Frederiks Kirke",2024.1,24.3033333333333
"Carlton Guldsmeden","Frederiks Kirke",3044.1,36.775
"Cottage Farm","Frederiks Kirke",12908.8,155.926666666667
"Livjæger Hotel Pension","Frederiks Kirke",1683.7,20.2716666666667
"Church of Scientology Hotel","Frederiks Kirke",2624.6,31.6566666666667
"Babette Guldsmeden Hotel","Frederiks Kirke",437.4,5.27166666666667
"Manon les Suites","Frederiks Kirke",2429,29.2466666666667
"Imperial","Frederiks Kirke",2390.4,28.9166666666667
"Guldsmeden København","Frederiks Kirke",3028.5,36.5883333333333
"Absalon Hotel","Frederiks Kirke",2661.7,32.105
"Four Points Flex by Sheraton Copenhagen City","Frederiks Kirke",2681,32.3683333333333
"Ascot Hotel","Frederiks Kirke",2108.7,25.4083333333333
"Hotel Alexandra","Frederiks Kirke",2073.5,24.92
"MS Mary","Frederiks Kirke",969.5,11.74
"Hotel 9 små hjem","Frederiks Kirke",1656.9,19.9516666666667
"Axel Guldsmeden","Frederiks Kirke",2593.8,31.2933333333333
"Hotel Sanders","Frederiks Kirke",870.6,10.63
"the Socialist","Frederiks Kirke",969.1,11.745
"CitizenM Rådhuspladsen","Frederiks Kirke",2022.5,24.3816666666667
"Good Morning City Copenhagen Star","Frederiks Kirke",2625.9,31.675
"Wakeup Bernstorffsgade","Frederiks Kirke",2603.9,31.6066666666667
"Turist Hotellet","Frederiks Kirke",2612.4,31.52
"Annex Copenhagen","Frederiks Kirke",2710.3,32.72
"Coco Hotel","Frederiks Kirke",2761.8,33.3316666666667
"Villa Copenhagen","Frederiks Kirke",2303.5,27.9516666666667
"Bryggen Guldesmeden Hotels","Frederiks Kirke",3359.6,40.655
"Kanalhuset","Frederiks Kirke",1885.8,22.7483333333333
"Go Hotel City","Frederiks Kirke",4243.9,51.0933333333333
"Four Points Flex by Sheraton Copenhagen Arena","Frederiks Kirke",7457.1,90.1966666666667
"Eric Vökel Boutique Apartments","Frederiks Kirke",2702.2,32.7583333333333
"A-Hotels City","Frederiks Kirke",2738.2,33.05
"Scandic Webers Hotel","Frederiks Kirke",2486.5,30.0383333333333
"Zoku Copenhagen","Frederiks Kirke",3759.6,45.8133333333333
"Scandic Nørreport","Frederiks Kirke",1548.7,18.7383333333333
"25Hours","Frederiks Kirke",1180,14.2
"Apēron Apartment Hotel","Frederiks Kirke",1317.5,15.8733333333333
"Ibis Styles Copenhagen Ørestad","Frederiks Kirke",6150.7,74.5066666666667
"CPH Hotel","Frederiks Kirke",2785.8,33.7583333333333
"Brik Apartment Hotel","Frederiks Kirke",3954.5,47.5283333333333
"Hotel Bethel","Frederiks Kirke",867.3,10.5166666666667
"Hotel Bella Grande","Frederiks Kirke",1983.8,23.925
"25hours Hotel Paper Island","Frederiks Kirke",1672.5,20.1933333333333
"Crowne Plaza Copenhagen Towers","Frederiks Kirke",7467.3,90.32
"Cabinn City","Vor Frelsers Kirke",1757.2,21.0933333333333
"Cab-Inn","Vor Frelsers Kirke",3354.6,40.7483333333333
"Cab-Inn Scandinavia","Vor Frelsers Kirke",3175.9,38.5266666666667
"Scandic Front","Vor Frelsers Kirke",1555.8,18.73
"The Square","Vor Frelsers Kirke",2147.1,25.8
"Copenhagen Strand","Vor Frelsers Kirke",1227.9,14.835
"Copenhagen Island","Vor Frelsers Kirke",2515.8,30.1833333333333
"Comfort Hotel Vesterbro","Vor Frelsers Kirke",2707.1,32.6983333333333
"Ibsens Hotel","Vor Frelsers Kirke",2487,29.9483333333333
"DGI-byens Hotel","Vor Frelsers Kirke",2512.8,30.2083333333333
"Savoy","Vor Frelsers Kirke",2878.7,34.75
"Avenue","Vor Frelsers Kirke",3474.6,42.17
"Hotel Sankt Annæ","Vor Frelsers Kirke",1550.4,18.6666666666667
"Phoenix Copenhagen","Vor Frelsers Kirke",1748.6,21.28
"Hotel Christian IV","Vor Frelsers Kirke",1931.3,23.4066666666667
"Best Western Plus Airport Hotel Copenhagen","Vor Frelsers Kirke",5694.9,68.7633333333333
"Ansgar","Vor Frelsers Kirke",2381.9,28.6433333333333
"Løven","Vor Frelsers Kirke",2839.2,34.28
"Tiffany","Vor Frelsers Kirke",2408.9,28.9666666666667
"Go Hotel Saga","Vor Frelsers Kirke",2478.9,29.805
"Hotel Du Nord","Vor Frelsers Kirke",2460,29.8283333333333
"Hebron","Vor Frelsers Kirke",2616.9,31.7083333333333
"City Hotel Nebo","Vor Frelsers Kirke",2398.2,29.0883333333333
"Comfort Hotel Excelsior","Vor Frelsers Kirke",2521.9,30.57
"Andersen Hotel","Vor Frelsers Kirke",2531.9,30.69
"Mercur Hotel","Vor Frelsers Kirke",2640.2,31.8683333333333
"Richmond Hotel","Vor Frelsers Kirke",2610.8,31.6566666666667
"Kong Arthur","Vor Frelsers Kirke",2722.5,32.8
"Comfort Hotel Esplanaden","Vor Frelsers Kirke",2306.1,28.0233333333333
"Adina Hotel Copenhagen","Vor Frelsers Kirke",3525.6,42.265
"Hotel SP34","Vor Frelsers Kirke",2292.9,27.785
"Hotel West","Vor Frelsers Kirke",3223.7,38.915
"Central Hotel & Cafe","Vor Frelsers Kirke",3246.9,39.1916666666667
"Hotel Bethel","Vor Frelsers Kirke",1298.7,15.5816666666667
"Hotel Maritime","Vor Frelsers Kirke",1249.4,15.0916666666667
"Hotel City","Vor Frelsers Kirke",1244.9,15.0383333333333
"Hotel Amager","Vor Frelsers Kirke",973,11.94
"CPH Living","Vor Frelsers Kirke",1065.8,12.8266666666667
"Rent a Room","Vor Frelsers Kirke",668.9,8.19833333333333
"Scandic Palace Hotel","Vor Frelsers Kirke",1922.3,23.2183333333333
"Rye115","Vor Frelsers Kirke",3879.8,46.9116666666667
"Carlton Guldsmeden","Vor Frelsers Kirke",3153,38.1
"Cottage Farm","Vor Frelsers Kirke",11105.9,133.766666666667
"Livjæger Hotel Pension","Vor Frelsers Kirke",3558.6,43.07
"Church of Scientology Hotel","Vor Frelsers Kirke",2733.5,32.9816666666667
"Babette Guldsmeden Hotel","Vor Frelsers Kirke",2311.5,28.0883333333333
"Manon les Suites","Vor Frelsers Kirke",2699.3,32.7533333333333
"Imperial","Vor Frelsers Kirke",2535.6,30.6133333333333
"Guldsmeden København","Vor Frelsers Kirke",3137.5,37.9133333333333
"Absalon Hotel","Vor Frelsers Kirke",2498.4,30.2883333333333
"Four Points Flex by Sheraton Copenhagen City","Vor Frelsers Kirke",2524.4,30.6
"Ascot Hotel","Vor Frelsers Kirke",2308.7,27.9683333333333
"Hotel Alexandra","Vor Frelsers Kirke",2214.3,26.8033333333333
"MS Mary","Vor Frelsers Kirke",1460.2,17.55
"Hotel 9 små hjem","Vor Frelsers Kirke",3531.8,42.75
"Axel Guldsmeden","Vor Frelsers Kirke",2460.2,29.83
"Hotel Sanders","Vor Frelsers Kirke",1218.3,14.7583333333333
"the Socialist","Vor Frelsers Kirke",1168.8,14.2033333333333
"CitizenM Rådhuspladsen","Vor Frelsers Kirke",2164.6,26.2083333333333
"Good Morning City Copenhagen Star","Vor Frelsers Kirke",2462.6,29.8583333333333
"Wakeup Bernstorffsgade","Vor Frelsers Kirke",1946.1,23.3583333333333
"Turist Hotellet","Vor Frelsers Kirke",2420.6,29.355
"Annex Copenhagen","Vor Frelsers Kirke",2572.9,30.93
"Coco Hotel","Vor Frelsers Kirke",2870.8,34.6566666666667
"Villa Copenhagen","Vor Frelsers Kirke",2030.2,24.3983333333333
"Bryggen Guldesmeden Hotels","Vor Frelsers Kirke",1737.6,21.175
"Kanalhuset","Vor Frelsers Kirke",319.7,3.82666666666667
"Go Hotel City","Vor Frelsers Kirke",2624.1,31.7733333333333
"Four Points Flex by Sheraton Copenhagen Arena","Vor Frelsers Kirke",5654.2,68.0366666666667
"Eric Vökel Boutique Apartments","Vor Frelsers Kirke",2428.9,29.205
"A-Hotels City","Vor Frelsers Kirke",2830.2,34.2616666666667
"Scandic Webers Hotel","Vor Frelsers Kirke",2595.4,31.3633333333333
"Zoku Copenhagen","Vor Frelsers Kirke",1956.7,23.6533333333333
"Scandic Nørreport","Vor Frelsers Kirke",2113.4,25.4766666666667
"25Hours","Vor Frelsers Kirke",1732.7,20.9183333333333
"Apēron Apartment Hotel","Vor Frelsers Kirke",1896.1,22.845
"Ibis Styles Copenhagen Ørestad","Vor Frelsers Kirke",4347.7,52.3466666666667
"CPH Hotel","Vor Frelsers Kirke",2512.5,30.205
"Brik Apartment Hotel","Vor Frelsers Kirke",2225.9,26.9366666666667
"Hotel Bethel","Vor Frelsers Kirke",1316,15.7883333333333
"Hotel Bella Grande","Vor Frelsers Kirke",2127.6,25.7716666666667
"25hours Hotel Paper Island","Vor Frelsers Kirke",994.9,11.915
"Crowne Plaza Copenhagen Towers","Vor Frelsers Kirke",5664.4,68.16
"Cabinn City","Ny Carlsberg Glyptotek",391.6,4.91333333333333
"Cab-Inn","Ny Carlsberg Glyptotek",1756.6,21.29
"Cab-Inn Scandinavia","Ny Carlsberg Glyptotek",1630.2,19.76
"Scandic Front","Ny Carlsberg Glyptotek",1876,22.7183333333333
"The Square","Ny Carlsberg Glyptotek",545.3,6.565
"Copenhagen Strand","Ny Carlsberg Glyptotek",1536.1,18.4833333333333
"Copenhagen Island","Ny Carlsberg Glyptotek",1529.3,18.6733333333333
"Comfort Hotel Vesterbro","Ny Carlsberg Glyptotek",1052.4,12.7566666666667
"Ibsens Hotel","Ny Carlsberg Glyptotek",1625.6,19.6416666666667
"DGI-byens Hotel","Ny Carlsberg Glyptotek",795.2,9.585
"Savoy","Ny Carlsberg Glyptotek",1224.2,14.7566666666667
"Avenue","Ny Carlsberg Glyptotek",1941.8,23.5916666666667
"Hotel Sankt Annæ","Ny Carlsberg Glyptotek",1811,22.0433333333333
"Phoenix Copenhagen","Ny Carlsberg Glyptotek",1738.6,21.2183333333333
"Hotel Christian IV","Ny Carlsberg Glyptotek",1822.4,22.095
"Best Western Plus Airport Hotel Copenhagen","Ny Carlsberg Glyptotek",6807.7,82.05
"Ansgar","Ny Carlsberg Glyptotek",664.3,8.02
"Løven","Ny Carlsberg Glyptotek",1184.7,14.2866666666667
"Tiffany","Ny Carlsberg Glyptotek",691.3,8.34333333333333
"Go Hotel Saga","Ny Carlsberg Glyptotek",761.3,9.18166666666667
"Hotel Du Nord","Ny Carlsberg Glyptotek",804.3,9.69
"Hebron","Ny Carlsberg Glyptotek",961.2,11.57
"City Hotel Nebo","Ny Carlsberg Glyptotek",742.5,8.95
"Comfort Hotel Excelsior","Ny Carlsberg Glyptotek",866.2,10.4316666666667
"Andersen Hotel","Ny Carlsberg Glyptotek",876.2,10.5516666666667
"Mercur Hotel","Ny Carlsberg Glyptotek",1017.6,12.315
"Richmond Hotel","Ny Carlsberg Glyptotek",1063.9,12.875
"Kong Arthur","Ny Carlsberg Glyptotek",1783.6,21.54
"Comfort Hotel Esplanaden","Ny Carlsberg Glyptotek",2296.1,27.9616666666667
"Adina Hotel Copenhagen","Ny Carlsberg Glyptotek",3499.6,42.3883333333333
"Hotel SP34","Ny Carlsberg Glyptotek",873.3,10.4883333333333
"Hotel West","Ny Carlsberg Glyptotek",1569.2,18.9216666666667
"Central Hotel & Cafe","Ny Carlsberg Glyptotek",1624.3,19.6383333333333
"Hotel Bethel","Ny Carlsberg Glyptotek",1618.9,19.57
"Hotel Maritime","Ny Carlsberg Glyptotek",1470.3,17.7566666666667
"Hotel City","Ny Carlsberg Glyptotek",1474.7,17.81
"Hotel Amager","Ny Carlsberg Glyptotek",2138.1,25.8533333333333
"CPH Living","Ny Carlsberg Glyptotek",913.2,11.0283333333333
"Rent a Room","Ny Carlsberg Glyptotek",1953.5,23.645
"Scandic Palace Hotel","Ny Carlsberg Glyptotek",513.6,6.28166666666667
"Rye115","Ny Carlsberg Glyptotek",3556.3,42.7883333333333
"Carlton Guldsmeden","Ny Carlsberg Glyptotek",1498.5,18.1066666666667
"Cottage Farm","Ny Carlsberg Glyptotek",12002.1,144.416666666667
"Livjæger Hotel Pension","Ny Carlsberg Glyptotek",3449.7,41.7583333333333
"Church of Scientology Hotel","Ny Carlsberg Glyptotek",1093.3,13.2166666666667
"Babette Guldsmeden Hotel","Ny Carlsberg Glyptotek",2301.5,28.0266666666667
"Manon les Suites","Ny Carlsberg Glyptotek",1153.6,13.9866666666667
"Imperial","Ny Carlsberg Glyptotek",913,11.06
"Guldsmeden København","Ny Carlsberg Glyptotek",1482.9,17.92
"Absalon Hotel","Ny Carlsberg Glyptotek",842.6,10.15
"Four Points Flex by Sheraton Copenhagen City","Ny Carlsberg Glyptotek",868.6,10.4616666666667
"Ascot Hotel","Ny Carlsberg Glyptotek",750,9.08333333333333
"Hotel Alexandra","Ny Carlsberg Glyptotek",655.5,7.91833333333333
"MS Mary","Ny Carlsberg Glyptotek",1780.4,21.5383333333333
"Hotel 9 små hjem","Ny Carlsberg Glyptotek",3423,41.4383333333333
"Axel Guldsmeden","Ny Carlsberg Glyptotek",804.4,9.69166666666667
"Hotel Sanders","Ny Carlsberg Glyptotek",1369.2,16.5466666666667
"the Socialist","Ny Carlsberg Glyptotek",1093.1,13.355
"CitizenM Rådhuspladsen","Ny Carlsberg Glyptotek",605.8,7.32333333333333
"Good Morning City Copenhagen Star","Ny Carlsberg Glyptotek",790.4,9.53166666666667
"Wakeup Bernstorffsgade","Ny Carlsberg Glyptotek",712.1,8.75
"Turist Hotellet","Ny Carlsberg Glyptotek",764.8,9.21666666666667
"Annex Copenhagen","Ny Carlsberg Glyptotek",855.4,10.3066666666667
"Coco Hotel","Ny Carlsberg Glyptotek",1216.2,14.6633333333333
"Villa Copenhagen","Ny Carlsberg Glyptotek",312.7,3.775
"Bryggen Guldesmeden Hotels","Ny Carlsberg Glyptotek",1822.7,21.9216666666667
"Kanalhuset","Ny Carlsberg Glyptotek",1912.6,23.0283333333333
"Go Hotel City","Ny Carlsberg Glyptotek",3979.2,48.0583333333333
"Four Points Flex by Sheraton Copenhagen Arena","Ny Carlsberg Glyptotek",6145.8,73.8433333333333
"Eric Vökel Boutique Apartments","Ny Carlsberg Glyptotek",711.4,8.58166666666667
"A-Hotels City","Ny Carlsberg Glyptotek",1140.3,13.7216666666667
"Scandic Webers Hotel","Ny Carlsberg Glyptotek",940.7,11.4216666666667
"Zoku Copenhagen","Ny Carlsberg Glyptotek",2803.4,33.67
"Scandic Nørreport","Ny Carlsberg Glyptotek",1456.9,17.9183333333333
"25Hours","Ny Carlsberg Glyptotek",1285,15.5983333333333
"Apēron Apartment Hotel","Ny Carlsberg Glyptotek",1444.6,17.5066666666667
"Ibis Styles Copenhagen Ørestad","Ny Carlsberg Glyptotek",4840,58.1583333333333
"CPH Hotel","Ny Carlsberg Glyptotek",795,9.58166666666667
"Brik Apartment Hotel","Ny Carlsberg Glyptotek",3580.9,43.2216666666667
"Hotel Bethel","Ny Carlsberg Glyptotek",1636.2,19.7766666666667
"Hotel Bella Grande","Ny Carlsberg Glyptotek",708.1,8.475
"25hours Hotel Paper Island","Ny Carlsberg Glyptotek",2354.5,28.3466666666667
"Crowne Plaza Copenhagen Towers","Ny Carlsberg Glyptotek",6156,73.9666666666667
"Cabinn City","Peblinge Sø",1911.2,23.445
"Cab-Inn","Peblinge Sø",1235.2,15.0083333333333
"Cab-Inn Scandinavia","Peblinge Sø",758.5,9.305
"Scandic Front","Peblinge Sø",2300.4,28.8233333333333
"The Square","Peblinge Sø",1062.4,13.0516666666667
"Copenhagen Strand","Peblinge Sø",2473.3,30.0016666666667
"Copenhagen Island","Peblinge Sø",2876.4,34.845
"Comfort Hotel Vesterbro","Peblinge Sø",1474.8,17.9166666666667
"Ibsens Hotel","Peblinge Sø",438.4,5.43833333333333
"DGI-byens Hotel","Peblinge Sø",1956,23.6783333333333
"Savoy","Peblinge Sø",1470.5,17.9016666666667
"Avenue","Peblinge Sø",1040.2,12.7483333333333
"Hotel Sankt Annæ","Peblinge Sø",2193.7,27.5116666666667
"Phoenix Copenhagen","Peblinge Sø",2121.3,26.6866666666667
"Hotel Christian IV","Peblinge Sø",1732.9,21.905
"Best Western Plus Airport Hotel Copenhagen","Peblinge Sø",8217.9,99.1983333333333
"Ansgar","Peblinge Sø",1675.9,20.2933333333333
"Løven","Peblinge Sø",1431,17.4316666666667
"Tiffany","Peblinge Sø",1648.9,19.97
"Go Hotel Saga","Peblinge Sø",1548,18.7616666666667
"Hotel Du Nord","Peblinge Sø",1487,18.0316666666667
"Hebron","Peblinge Sø",1450.7,17.6283333333333
"City Hotel Nebo","Peblinge Sø",1488.2,18.2133333333333
"Comfort Hotel Excelsior","Peblinge Sø",1425.1,17.29
"Andersen Hotel","Peblinge Sø",1535.7,18.6466666666667
"Mercur Hotel","Peblinge Sø",968.5,11.8533333333333
"Richmond Hotel","Peblinge Sø",731.6,8.98
"Kong Arthur","Peblinge Sø",302.1,3.80666666666667
"Comfort Hotel Esplanaden","Peblinge Sø",2430.1,30.2216666666667
"Adina Hotel Copenhagen","Peblinge Sø",3018.9,37.31
"Hotel SP34","Peblinge Sø",808.9,10.1066666666667
"Hotel West","Peblinge Sø",1772.2,21.585
"Central Hotel & Cafe","Peblinge Sø",1636.9,19.9266666666667
"Hotel Bethel","Peblinge Sø",2182.6,27.3483333333333
"Hotel Maritime","Peblinge Sø",2352.3,28.585
"Hotel City","Peblinge Sø",2356.8,28.6383333333333
"Hotel Amager","Peblinge Sø",3548.3,43.0016666666667
"CPH Living","Peblinge Sø",2227.5,27.3916666666667
"Rent a Room","Peblinge Sø",3284.4,40.1066666666667
"Scandic Palace Hotel","Peblinge Sø",1201.4,14.9416666666667
"Rye115","Peblinge Sø",2018.2,25.15
"Carlton Guldsmeden","Peblinge Sø",1696.5,20.6766666666667
"Cottage Farm","Peblinge Sø",13433.4,161.923333333333
"Livjæger Hotel Pension","Peblinge Sø",2400,29.7966666666667
"Church of Scientology Hotel","Peblinge Sø",1333.9,16.2366666666667
"Babette Guldsmeden Hotel","Peblinge Sø",2424.7,30.1566666666667
"Manon les Suites","Peblinge Sø",455.8,5.645
"Imperial","Peblinge Sø",1063.9,12.9966666666667
"Guldsmeden København","Peblinge Sø",1681,20.49
"Absalon Hotel","Peblinge Sø",1554.7,18.8416666666667
"Four Points Flex by Sheraton Copenhagen City","Peblinge Sø",1573.2,19.0966666666667
"Ascot Hotel","Peblinge Sø",986.9,12.1133333333333
"Hotel Alexandra","Peblinge Sø",952.2,11.6983333333333
"MS Mary","Peblinge Sø",2277.9,28.5566666666667
"Hotel 9 små hjem","Peblinge Sø",2087.4,26.055
"Axel Guldsmeden","Peblinge Sø",1486.9,18.03
"Hotel Sanders","Peblinge Sø",2157.5,26.215
"the Socialist","Peblinge Sø",1786.2,21.7383333333333
"CitizenM Rådhuspladsen","Peblinge Sø",1001.9,12.2933333333333
"Good Morning City Copenhagen Star","Peblinge Sø",1518.9,18.4116666666667
"Wakeup Bernstorffsgade","Peblinge Sø",2122.2,25.9733333333333
"Turist Hotellet","Peblinge Sø",1535.3,18.78
"Annex Copenhagen","Peblinge Sø",1602.6,19.4483333333333
"Coco Hotel","Peblinge Sø",1462.5,17.8083333333333
"Villa Copenhagen","Peblinge Sø",1654.1,20.2733333333333
"Bryggen Guldesmeden Hotels","Peblinge Sø",3254.1,39.4283333333333
"Kanalhuset","Peblinge Sø",2951.2,35.82
"Go Hotel City","Peblinge Sø",5239.6,63.6816666666667
"Four Points Flex by Sheraton Copenhagen Arena","Peblinge Sø",7577.1,91.35
"Eric Vökel Boutique Apartments","Peblinge Sø",1678.7,20.4933333333333
"A-Hotels City","Peblinge Sø",1438.8,17.5266666666667
"Scandic Webers Hotel","Peblinge Sø",1378.7,16.7666666666667
"Zoku Copenhagen","Peblinge Sø",4234.7,51.1766666666667
"Scandic Nørreport","Peblinge Sø",839.9,10.3083333333333
"25Hours","Peblinge Sø",1269,15.505
"Apēron Apartment Hotel","Peblinge Sø",1072.8,13.1566666666667
"Ibis Styles Copenhagen Ørestad","Peblinge Sø",6271.4,75.665
"CPH Hotel","Peblinge Sø",1955.8,23.675
"Brik Apartment Hotel","Peblinge Sø",4841.3,58.845
"Hotel Bethel","Peblinge Sø",2165.3,27.1416666666667
"Hotel Bella Grande","Peblinge Sø",964.3,12.0333333333333
"25hours Hotel Paper Island","Peblinge Sø",2973.6,36.8533333333333
"Crowne Plaza Copenhagen Towers","Peblinge Sø",7587.3,91.4733333333333
"Cabinn City","Kastellet",3099.4,37.58
"Cab-Inn","Kastellet",3908.5,47.5633333333333
"Cab-Inn Scandinavia","Kastellet",3526.9,42.8983333333333
"Scandic Front","Kastellet",1388.9,16.6766666666667
"The Square","Kastellet",2839.5,34.2066666666667
"Copenhagen Strand","Kastellet",1883.9,22.71
"Copenhagen Island","Kastellet",4152.5,50.195
"Comfort Hotel Vesterbro","Kastellet",3424.9,41.345
"Ibsens Hotel","Kastellet",2560.8,31.0466666666667
"DGI-byens Hotel","Kastellet",3569.8,43.315
"Savoy","Kastellet",3596.5,43.3966666666667
"Avenue","Kastellet",3699.4,44.835
"Hotel Sankt Annæ","Kastellet",1379.4,16.53
"Phoenix Copenhagen","Kastellet",1084.4,13.0916666666667
"Hotel Christian IV","Kastellet",1381,16.6116666666667
"Best Western Plus Airport Hotel Copenhagen","Kastellet",8019.9,96.4416666666667
"Ansgar","Kastellet",3438.9,41.75
"Løven","Kastellet",3557,42.9266666666667
"Tiffany","Kastellet",3465.9,42.0733333333333
"Go Hotel Saga","Kastellet",3481.6,41.9966666666667
"Hotel Du Nord","Kastellet",3420.6,41.2666666666667
"Hebron","Kastellet",3385.2,40.8716666666667
"City Hotel Nebo","Kastellet",3391.9,40.925
"Comfort Hotel Excelsior","Kastellet",3358.7,40.525
"Andersen Hotel","Kastellet",3470.2,41.89
"Mercur Hotel","Kastellet",3231.5,39.3016666666667
"Richmond Hotel","Kastellet",3010.2,36.7083333333333
"Kong Arthur","Kastellet",2774.2,33.6
"Comfort Hotel Esplanaden","Kastellet",526.9,6.34833333333333
"Adina Hotel Copenhagen","Kastellet",835.8,10.0483333333333
"Hotel SP34","Kastellet",2799.7,34.135
"Hotel West","Kastellet",3941.4,47.5616666666667
"Central Hotel & Cafe","Kastellet",3928.3,47.4666666666667
"Hotel Bethel","Kastellet",1597.5,19.2766666666667
"Hotel Maritime","Kastellet",1793.2,21.6516666666667
"Hotel City","Kastellet",1797.6,21.705
"Hotel Amager","Kastellet",3557.3,43.4433333333333
"CPH Living","Kastellet",3025.3,36.5733333333333
"Rent a Room","Kastellet",3253.2,39.7016666666667
"Scandic Palace Hotel","Kastellet",2623,31.7133333333333
"Rye115","Kastellet",2009.3,24.0616666666667
"Carlton Guldsmeden","Kastellet",3870.7,46.7466666666667
"Cottage Farm","Kastellet",13677.9,165.178333333333
"Livjæger Hotel Pension","Kastellet",1404.9,16.83
"Church of Scientology Hotel","Kastellet",3451.3,41.6283333333333
"Babette Guldsmeden Hotel","Kastellet",521.5,6.28333333333333
"Manon les Suites","Kastellet",3064.4,37.3583333333333
"Imperial","Kastellet",3217.1,38.8883333333333
"Guldsmeden København","Kastellet",3855.2,46.56
"Absalon Hotel","Kastellet",3488.3,42.0766666666667
"Four Points Flex by Sheraton Copenhagen City","Kastellet",3507.7,42.34
"Ascot Hotel","Kastellet",2936.8,35.4316666666667
"Hotel Alexandra","Kastellet",2901.6,34.9433333333333
"MS Mary","Kastellet",1668.4,20.0916666666667
"Hotel 9 små hjem","Kastellet",1489.2,17.8383333333333
"Axel Guldsmeden","Kastellet",3420.5,41.265
"Hotel Sanders","Kastellet",1639.7,19.8816666666667
"the Socialist","Kastellet",1744.3,21.1983333333333
"CitizenM Rådhuspladsen","Kastellet",2849.2,34.3533333333333
"Good Morning City Copenhagen Star","Kastellet",3452.5,41.6466666666667
"Wakeup Bernstorffsgade","Kastellet",3373,40.8583333333333
"Turist Hotellet","Kastellet",3439.1,41.4916666666667
"Annex Copenhagen","Kastellet",3537,42.6916666666667
"Coco Hotel","Kastellet",3588.5,43.3033333333333
"Villa Copenhagen","Kastellet",3087.2,37.505
"Bryggen Guldesmeden Hotels","Kastellet",4128.7,49.9066666666667
"Kanalhuset","Kastellet",2480.5,29.7183333333333
"Go Hotel City","Kastellet",4780,57.3566666666667
"Four Points Flex by Sheraton Copenhagen Arena","Kastellet",8226.2,99.4483333333333
"Eric Vökel Boutique Apartments","Kastellet",3485.9,42.3116666666667
"A-Hotels City","Kastellet",3564.9,43.0216666666667
"Scandic Webers Hotel","Kastellet",3313.2,40.01
"Zoku Copenhagen","Kastellet",4528.7,55.065
"Scandic Nørreport","Kastellet",2157.4,26.2433333333333
"25Hours","Kastellet",2008.1,24.2233333333333
"Apēron Apartment Hotel","Kastellet",2146.9,25.8166666666667
"Ibis Styles Copenhagen Ørestad","Kastellet",6919.8,83.7583333333333
"CPH Hotel","Kastellet",3569.5,43.3116666666667
"Brik Apartment Hotel","Kastellet",4490.6,53.7916666666667
"Hotel Bethel","Kastellet",1614.7,19.4833333333333
"Hotel Bella Grande","Kastellet",2810.5,33.8966666666667
"25hours Hotel Paper Island","Kastellet",2174.5,26.0516666666667
"Crowne Plaza Copenhagen Towers","Kastellet",8236.4,99.5716666666667
"Cabinn City","Christiania",2157.1,25.9133333333333
"Cab-Inn","Christiania",3754.5,45.5683333333333
"Cab-Inn Scandinavia","Christiania",3575.8,43.3466666666667
"Scandic Front","Christiania",1419.2,17.0983333333333
"The Square","Christiania",2547,30.62
"Copenhagen Strand","Christiania",1261.7,15.11
"Copenhagen Island","Christiania",2915.7,35.0033333333333
"Comfort Hotel Vesterbro","Christiania",3107.1,37.5183333333333
"Ibsens Hotel","Christiania",2892.2,34.83
"DGI-byens Hotel","Christiania",2912.7,35.0283333333333
"Savoy","Christiania",3278.7,39.57
"Avenue","Christiania",3874.6,46.99
"Hotel Sankt Annæ","Christiania",1413.7,17.035
"Phoenix Copenhagen","Christiania",1728.3,20.7983333333333
"Hotel Christian IV","Christiania",2115.2,25.4266666666667
"Best Western Plus Airport Hotel Copenhagen","Christiania",5828.3,70.1833333333333
"Ansgar","Christiania",2781.8,33.4633333333333
"Løven","Christiania",3239.2,39.1
"Tiffany","Christiania",2808.8,33.7866666666667
"Go Hotel Saga","Christiania",2878.8,34.625
"Hotel Du Nord","Christiania",2859.9,34.6483333333333
"Hebron","Christiania",3016.8,36.5283333333333
"City Hotel Nebo","Christiania",2798.1,33.9083333333333
"Comfort Hotel Excelsior","Christiania",2921.8,35.39
"Andersen Hotel","Christiania",2931.8,35.51
"Mercur Hotel","Christiania",3040.2,36.6883333333333
"Richmond Hotel","Christiania",3010.7,36.4766666666667
"Kong Arthur","Christiania",3127.8,37.6816666666667
"Comfort Hotel Esplanaden","Christiania",2287.3,27.5266666666667
"Adina Hotel Copenhagen","Christiania",3357.7,40.255
"Hotel SP34","Christiania",2692.8,32.605
"Hotel West","Christiania",3623.6,43.735
"Central Hotel & Cafe","Christiania",3646.8,44.0116666666667
"Hotel Bethel","Christiania",1162.1,13.95
"Hotel Maritime","Christiania",1381,16.54
"Hotel City","Christiania",1376.6,16.4866666666667
"Hotel Amager","Christiania",1167.1,14.3133333333333
"CPH Living","Christiania",1465.8,17.6466666666667
"Rent a Room","Christiania",863,10.5716666666667
"Scandic Palace Hotel","Christiania",2327.5,28.1
"Rye115","Christiania",3984.6,47.8816666666667
"Carlton Guldsmeden","Christiania",3552.9,42.92
"Cottage Farm","Christiania",11331.3,136.568333333333
"Livjæger Hotel Pension","Christiania",3644.2,43.85
"Church of Scientology Hotel","Christiania",3133.5,37.8016666666667
"Babette Guldsmeden Hotel","Christiania",2292.8,27.5916666666667
"Manon les Suites","Christiania",3099.2,37.5733333333333
"Imperial","Christiania",2935.6,35.4333333333333
"Guldsmeden København","Christiania",3537.4,42.7333333333333
"Absalon Hotel","Christiania",2898.3,35.1083333333333
"Four Points Flex by Sheraton Copenhagen City","Christiania",2924.3,35.42
"Ascot Hotel","Christiania",2708.7,32.7883333333333
"Hotel Alexandra","Christiania",2614.2,31.6233333333333
"MS Mary","Christiania",1323.6,15.9183333333333
"Hotel 9 små hjem","Christiania",3617.4,43.53
"Axel Guldsmeden","Christiania",2860.1,34.65
"Hotel Sanders","Christiania",1471.5,17.625
"the Socialist","Christiania",1574.1,19.085
"CitizenM Rådhuspladsen","Christiania",2564.5,31.0283333333333
"Good Morning City Copenhagen Star","Christiania",2862.5,34.6783333333333
"Wakeup Bernstorffsgade","Christiania",2346,28.1783333333333
"Turist Hotellet","Christiania",2820.5,34.175
"Annex Copenhagen","Christiania",2972.9,35.75
"Coco Hotel","Christiania",3270.7,39.4766666666667
"Villa Copenhagen","Christiania",2430.2,29.2183333333333
"Bryggen Guldesmeden Hotels","Christiania",2059.8,24.8333333333333
"Kanalhuset","Christiania",390.9,4.67833333333333
"Go Hotel City","Christiania",2588.4,31.0983333333333
"Four Points Flex by Sheraton Copenhagen Arena","Christiania",5879.6,70.8383333333333
"Eric Vökel Boutique Apartments","Christiania",2828.8,34.025
"A-Hotels City","Christiania",3230.1,39.0816666666667
"Scandic Webers Hotel","Christiania",2995.4,36.1833333333333
"Zoku Copenhagen","Christiania",2182.1,26.455
"Scandic Nørreport","Christiania",2518.6,30.3583333333333
"25Hours","Christiania",2137.9,25.8
"Apēron Apartment Hotel","Christiania",2301.3,27.7266666666667
"Ibis Styles Copenhagen Ørestad","Christiania",4573.1,55.1483333333333
"CPH Hotel","Christiania",2912.4,35.025
"Brik Apartment Hotel","Christiania",2299,27.5333333333333
"Hotel Bethel","Christiania",1179.4,14.1566666666667
"Hotel Bella Grande","Christiania",2527.6,30.5916666666667
"25hours Hotel Paper Island","Christiania",827,9.905
"Crowne Plaza Copenhagen Towers","Christiania",5889.8,70.9616666666667
"Cabinn City","Nordhavn",5041.5,60.795
"Cab-Inn","Nordhavn",4747.1,57.28
"Cab-Inn Scandinavia","Nordhavn",4415.3,53.5016666666667
"Scandic Front","Nordhavn",3405.2,40.9733333333333
"The Square","Nordhavn",4438.1,53.69
"Copenhagen Strand","Nordhavn",3900.2,47.0066666666667
"Copenhagen Island","Nordhavn",6096.6,73.5283333333333
"Comfort Hotel Vesterbro","Nordhavn",5014.7,60.7933333333333
"Ibsens Hotel","Nordhavn",3673.3,44.1966666666667
"DGI-byens Hotel","Nordhavn",5426.9,65.6416666666667
"Savoy","Nordhavn",5177.2,62.7016666666667
"Avenue","Nordhavn",4149.6,50.0233333333333
"Hotel Sankt Annæ","Nordhavn",3395.7,40.8266666666667
"Phoenix Copenhagen","Nordhavn",3100.7,37.3883333333333
"Hotel Christian IV","Nordhavn",2965.3,35.765
"Best Western Plus Airport Hotel Copenhagen","Nordhavn",9925.7,119.41
"Ansgar","Nordhavn",5212.8,63.165
"Løven","Nordhavn",5137.7,62.2316666666667
"Tiffany","Nordhavn",5185.8,62.8416666666667
"Go Hotel Saga","Nordhavn",5084.9,61.6333333333333
"Hotel Du Nord","Nordhavn",5023.9,60.9033333333333
"Hebron","Nordhavn",4990.6,60.505
"City Hotel Nebo","Nordhavn",4995.2,60.5616666666667
"Comfort Hotel Excelsior","Nordhavn",4962,60.1616666666667
"Andersen Hotel","Nordhavn",5075.5,61.5233333333333
"Mercur Hotel","Nordhavn",4537.1,54.6816666666667
"Richmond Hotel","Nordhavn",4300.2,51.8083333333333
"Kong Arthur","Nordhavn",3697.6,44.5183333333333
"Comfort Hotel Esplanaden","Nordhavn",2543.2,30.645
"Adina Hotel Copenhagen","Nordhavn",1211.1,14.615
"Hotel SP34","Nordhavn",4105.6,49.675
"Hotel West","Nordhavn",5479,66.385
"Central Hotel & Cafe","Nordhavn",5350.2,64.5066666666667
"Hotel Bethel","Nordhavn",3613.7,43.5733333333333
"Hotel Maritime","Nordhavn",3809.5,45.9483333333333
"Hotel City","Nordhavn",3813.9,46.0016666666667
"Hotel Amager","Nordhavn",5510.9,66.925
"CPH Living","Nordhavn",4978.9,60.055
"Rent a Room","Nordhavn",5206.8,63.1833333333333
"Scandic Palace Hotel","Nordhavn",4435,53.4616666666667
"Rye115","Nordhavn",1982.7,23.7466666666667
"Carlton Guldsmeden","Nordhavn",5403.3,65.4766666666667
"Cottage Farm","Nordhavn",15631.5,188.66
"Livjæger Hotel Pension","Nordhavn",1651.5,19.8516666666667
"Church of Scientology Hotel","Nordhavn",5029.5,60.9383333333333
"Babette Guldsmeden Hotel","Nordhavn",2537.7,30.58
"Manon les Suites","Nordhavn",4231.4,50.915
"Imperial","Nordhavn",4611.2,55.765
"Guldsmeden København","Nordhavn",5387.8,65.29
"Absalon Hotel","Nordhavn",5091.6,61.7133333333333
"Four Points Flex by Sheraton Copenhagen City","Nordhavn",5113.1,61.9733333333333
"Ascot Hotel","Nordhavn",4371.3,52.9566666666667
"Hotel Alexandra","Nordhavn",4336.1,52.4683333333333
"MS Mary","Nordhavn",3684.7,44.3883333333333
"Hotel 9 små hjem","Nordhavn",1718.9,20.655
"Axel Guldsmeden","Nordhavn",5023.7,60.9016666666667
"Hotel Sanders","Nordhavn",3656,44.1783333333333
"the Socialist","Nordhavn",3620.1,43.745
"CitizenM Rådhuspladsen","Nordhavn",4385.8,53.0633333333333
"Good Morning City Copenhagen Star","Nordhavn",5055.8,61.2833333333333
"Wakeup Bernstorffsgade","Nordhavn",5315.2,64.0733333333333
"Turist Hotellet","Nordhavn",5042.3,61.1283333333333
"Annex Copenhagen","Nordhavn",5142.4,62.325
"Coco Hotel","Nordhavn",5169.3,62.6083333333333
"Villa Copenhagen","Nordhavn",4944.3,59.8316666666667
"Bryggen Guldesmeden Hotels","Nordhavn",6082.3,73.3883333333333
"Kanalhuset","Nordhavn",4386.4,52.6866666666667
"Go Hotel City","Nordhavn",6685.9,80.325
"Four Points Flex by Sheraton Copenhagen Arena","Nordhavn",10179.8,122.93
"Eric Vökel Boutique Apartments","Nordhavn",5185.7,62.8416666666667
"A-Hotels City","Nordhavn",5145.6,62.3266666666667
"Scandic Webers Hotel","Nordhavn",4918.6,59.6433333333333
"Zoku Copenhagen","Nordhavn",6482.3,78.5466666666667
"Scandic Nørreport","Nordhavn",3463.4,41.7833333333333
"25Hours","Nordhavn",3580.6,43.14
"Apēron Apartment Hotel","Nordhavn",3604.5,43.4533333333333
"Ibis Styles Copenhagen Ørestad","Nordhavn",8873.4,107.24
"CPH Hotel","Nordhavn",5426.6,65.6383333333333
"Brik Apartment Hotel","Nordhavn",6396.4,76.76
"Hotel Bethel","Nordhavn",3631,43.78
"Hotel Bella Grande","Nordhavn",4270.9,51.6883333333333
"25hours Hotel Paper Island","Nordhavn",4080.3,49.02
"Crowne Plaza Copenhagen Towers","Nordhavn",10190,123.053333333333
"Cabinn City","The Royal Library",926.6,11.2533333333333
"Cab-Inn","The Royal Library",2506.5,30.4016666666667
"Cab-Inn Scandinavia","The Royal Library",2327.7,28.18
"Scandic Front","The Royal Library",1361.4,16.5316666666667
"The Square","The Royal Library",1296.4,15.59
"Copenhagen Strand","The Royal Library",908.6,10.91
"Copenhagen Island","The Royal Library",1712.7,20.64
"Comfort Hotel Vesterbro","The Royal Library",1859.9,22.5
"Ibsens Hotel","The Royal Library",1899.6,22.7866666666667
"DGI-byens Hotel","The Royal Library",1681.1,20.3583333333333
"Savoy","The Royal Library",2031.5,24.5516666666667
"Avenue","The Royal Library",2626.5,31.8233333333333
"Hotel Sankt Annæ","The Royal Library",1355.9,16.4683333333333
"Phoenix Copenhagen","The Royal Library",1372,16.6966666666667
"Hotel Christian IV","The Royal Library",1542.9,18.58
"Best Western Plus Airport Hotel Copenhagen","The Royal Library",6439.5,77.8866666666667
"Ansgar","The Royal Library",1550.2,18.7933333333333
"Løven","The Royal Library",1992,24.0816666666667
"Tiffany","The Royal Library",1577.2,19.1166666666667
"Go Hotel Saga","The Royal Library",1635.1,19.8933333333333
"Hotel Du Nord","The Royal Library",1616.5,19.6716666666667
"Hebron","The Royal Library",1773.4,21.5516666666667
"City Hotel Nebo","The Royal Library",1554.7,18.9316666666667
"Comfort Hotel Excelsior","The Royal Library",1678.4,20.4133333333333
"Andersen Hotel","The Royal Library",1688.4,20.5333333333333
"Mercur Hotel","The Royal Library",1789,21.6516666666667
"Richmond Hotel","The Royal Library",1762.7,21.31
"Kong Arthur","The Royal Library",2135.2,25.6383333333333
"Comfort Hotel Esplanaden","The Royal Library",1929.5,23.44
"Adina Hotel Copenhagen","The Royal Library",3220.1,38.8733333333333
"Hotel SP34","The Royal Library",1444.8,17.4383333333333
"Hotel West","The Royal Library",2376.5,28.7166666666667
"Central Hotel & Cafe","The Royal Library",2395.6,28.975
"Hotel Bethel","The Royal Library",1104.3,13.3833333333333
"Hotel Maritime","The Royal Library",930,11.1666666666667
"Hotel City","The Royal Library",925.6,11.1133333333333
"Hotel Amager","The Royal Library",1717.6,21.0633333333333
"CPH Living","The Royal Library",635.9,7.65333333333333
"Rent a Room","The Royal Library",1413.5,17.3216666666667
"Scandic Palace Hotel","The Royal Library",1084.3,13.02
"Rye115","The Royal Library",3491.4,42.085
"Carlton Guldsmeden","The Royal Library",2305.8,27.9016666666667
"Cottage Farm","The Royal Library",11838.2,142.798333333333
"Livjæger Hotel Pension","The Royal Library",3170.2,38.2433333333333
"Church of Scientology Hotel","The Royal Library",1886.3,22.7833333333333
"Babette Guldsmeden Hotel","The Royal Library",1934.9,23.505
"Manon les Suites","The Royal Library",1851.2,22.4066666666667
"Imperial","The Royal Library",1684.4,20.3966666666667
"Guldsmeden København","The Royal Library",2290.2,27.715
"Absalon Hotel","The Royal Library",1654.8,20.1316666666667
"Four Points Flex by Sheraton Copenhagen City","The Royal Library",1680.9,20.4433333333333
"Ascot Hotel","The Royal Library",1460.6,17.6216666666667
"Hotel Alexandra","The Royal Library",1366.1,16.4566666666667
"MS Mary","The Royal Library",1265.8,15.3516666666667
"Hotel 9 små hjem","The Royal Library",3143.5,37.9233333333333
"Axel Guldsmeden","The Royal Library",1616.6,19.6733333333333
"Hotel Sanders","The Royal Library",854.5,10.36
"the Socialist","The Royal Library",787.5,9.52666666666667
"CitizenM Rådhuspladsen","The Royal Library",1316.5,15.8616666666667
"Good Morning City Copenhagen Star","The Royal Library",1619,19.7016666666667
"Wakeup Bernstorffsgade","The Royal Library",1115.5,13.5183333333333
"Turist Hotellet","The Royal Library",1577,19.1983333333333
"Annex Copenhagen","The Royal Library",1710.2,20.795
"Coco Hotel","The Royal Library",2023.5,24.4583333333333
"Villa Copenhagen","The Royal Library",1198.6,14.5483333333333
"Bryggen Guldesmeden Hotels","The Royal Library",1739.3,20.9866666666667
"Kanalhuset","The Royal Library",1080.3,13.035
"Go Hotel City","The Royal Library",3368.7,40.8966666666667
"Four Points Flex by Sheraton Copenhagen Arena","The Royal Library",6096.2,73.3133333333333
"Eric Vökel Boutique Apartments","The Royal Library",1597.2,19.355
"A-Hotels City","The Royal Library",1986.6,24.105
"Scandic Webers Hotel","The Royal Library",1748.2,21.165
"Zoku Copenhagen","The Royal Library",2689,32.685
"Scandic Nørreport","The Royal Library",1526.1,18.315
"25Hours","The Royal Library",1145.4,13.7566666666667
"Apēron Apartment Hotel","The Royal Library",1329.9,15.9616666666667
"Ibis Styles Copenhagen Ørestad","The Royal Library",4790.4,57.6283333333333
"CPH Hotel","The Royal Library",1680.8,20.355
"Brik Apartment Hotel","The Royal Library",2970.4,36.06
"Hotel Bethel","The Royal Library",1121.5,13.59
"Hotel Bella Grande","The Royal Library",1279.5,15.425
"25hours Hotel Paper Island","The Royal Library",1620.6,19.5116666666667
"Crowne Plaza Copenhagen Towers","The Royal Library",6106.4,73.4366666666667
"Cabinn City","Nationalmuseet",609.9,7.30333333333333
"Cab-Inn","Nationalmuseet",1896.2,23.06
"Cab-Inn Scandinavia","Nationalmuseet",1717.5,20.8383333333333
"Scandic Front","Nationalmuseet",1586.4,19.2216666666667
"The Square","Nationalmuseet",686.2,8.24833333333333
"Copenhagen Strand","Nationalmuseet",1246.4,14.9866666666667
"Copenhagen Island","Nationalmuseet",1712.9,20.5416666666667
"Comfort Hotel Vesterbro","Nationalmuseet",1249.7,15.1583333333333
"Ibsens Hotel","Nationalmuseet",1489.5,18.0083333333333
"DGI-byens Hotel","Nationalmuseet",1109.9,13.3516666666667
"Savoy","Nationalmuseet",1421.3,17.21
"Avenue","Nationalmuseet",2016.3,24.4816666666667
"Hotel Sankt Annæ","Nationalmuseet",1580.9,19.1583333333333
"Phoenix Copenhagen","Nationalmuseet",1547.7,18.7633333333333
"Hotel Christian IV","Nationalmuseet",1631.5,19.64
"Best Western Plus Airport Hotel Copenhagen","Nationalmuseet",6789.9,81.775
"Ansgar","Nationalmuseet",979,11.7866666666667
"Løven","Nationalmuseet",1381.8,16.74
"Tiffany","Nationalmuseet",1006,12.11
"Go Hotel Saga","Nationalmuseet",1030.1,12.6166666666667
"Hotel Du Nord","Nationalmuseet",1011.5,12.395
"Hebron","Nationalmuseet",1168.4,14.275
"City Hotel Nebo","Nationalmuseet",949.7,11.655
"Comfort Hotel Excelsior","Nationalmuseet",1073.4,13.1366666666667
"Andersen Hotel","Nationalmuseet",1083.4,13.2566666666667
"Mercur Hotel","Nationalmuseet",1178.8,14.31
"Richmond Hotel","Nationalmuseet",1152.4,13.9683333333333
"Kong Arthur","Nationalmuseet",1727.8,20.86
"Comfort Hotel Esplanaden","Nationalmuseet",2105.2,25.5066666666667
"Adina Hotel Copenhagen","Nationalmuseet",3308.7,39.9333333333333
"Hotel SP34","Nationalmuseet",834.6,10.0966666666667
"Hotel West","Nationalmuseet",1766.2,21.375
"Central Hotel & Cafe","Nationalmuseet",1785.4,21.6333333333333
"Hotel Bethel","Nationalmuseet",1329.2,16.0733333333333
"Hotel Maritime","Nationalmuseet",1180.6,14.26
"Hotel City","Nationalmuseet",1185,14.3133333333333
"Hotel Amager","Nationalmuseet",2120.3,25.5783333333333
"CPH Living","Nationalmuseet",780.1,9.375
"Rent a Room","Nationalmuseet",1935.8,23.37
"Scandic Palace Hotel","Nationalmuseet",474.1,5.67833333333333
"Rye115","Nationalmuseet",3369.5,40.695
"Carlton Guldsmeden","Nationalmuseet",1695.6,20.56
"Cottage Farm","Nationalmuseet",12048.3,145.036666666667
"Livjæger Hotel Pension","Nationalmuseet",3258.8,39.3033333333333
"Church of Scientology Hotel","Nationalmuseet",1276.1,15.4416666666667
"Babette Guldsmeden Hotel","Nationalmuseet",2110.6,25.5716666666667
"Manon les Suites","Nationalmuseet",1241,15.065
"Imperial","Nationalmuseet",1074.2,13.055
"Guldsmeden København","Nationalmuseet",1680,20.3733333333333
"Absalon Hotel","Nationalmuseet",1049.9,12.855
"Four Points Flex by Sheraton Copenhagen City","Nationalmuseet",1075.9,13.1666666666667
"Ascot Hotel","Nationalmuseet",850.4,10.28
"Hotel Alexandra","Nationalmuseet",755.9,9.115
"MS Mary","Nationalmuseet",1490.7,18.0416666666667
"Hotel 9 små hjem","Nationalmuseet",3232.1,38.9833333333333
"Axel Guldsmeden","Nationalmuseet",1011.7,12.3966666666667
"Hotel Sanders","Nationalmuseet",1079.5,13.05
"the Socialist","Nationalmuseet",902.2,10.9
"CitizenM Rådhuspladsen","Nationalmuseet",706.3,8.52
"Good Morning City Copenhagen Star","Nationalmuseet",1014.1,12.425
"Wakeup Bernstorffsgade","Nationalmuseet",883.6,10.5816666666667
"Turist Hotellet","Nationalmuseet",972.1,11.9216666666667
"Annex Copenhagen","Nationalmuseet",1105.2,13.5183333333333
"Coco Hotel","Nationalmuseet",1413.3,17.1166666666667
"Villa Copenhagen","Nationalmuseet",627.3,7.54166666666667
"Bryggen Guldesmeden Hotels","Nationalmuseet",1868.9,22.5416666666667
"Kanalhuset","Nationalmuseet",1669,20.0833333333333
"Go Hotel City","Nationalmuseet",3953.7,47.57
"Four Points Flex by Sheraton Copenhagen Arena","Nationalmuseet",6192,74.4633333333333
"Eric Vökel Boutique Apartments","Nationalmuseet",1026,12.3483333333333
"A-Hotels City","Nationalmuseet",1381.7,16.8283333333333
"Scandic Webers Hotel","Nationalmuseet",1138,13.8233333333333
"Zoku Copenhagen","Nationalmuseet",2849.6,34.29
"Scandic Nørreport","Nationalmuseet",1266,15.4633333333333
"25Hours","Nationalmuseet",1094,13.1433333333333
"Apēron Apartment Hotel","Nationalmuseet",1253.7,15.0516666666667
"Ibis Styles Copenhagen Ørestad","Nationalmuseet",4886.2,58.7783333333333
"CPH Hotel","Nationalmuseet",1109.6,13.3483333333333
"Brik Apartment Hotel","Nationalmuseet",3555.5,42.7333333333333
"Hotel Bethel","Nationalmuseet",1346.5,16.28
"Hotel Bella Grande","Nationalmuseet",669.3,8.08333333333333
"25hours Hotel Paper Island","Nationalmuseet",2064.8,24.85
"Crowne Plaza Copenhagen Towers","Nationalmuseet",6202.2,74.5866666666667
